name,price,brand,size,instance_id
Lexar 32GB 1400x 210MB/s professional XQD memóriakártya,31990.0,LEXAR,32 GB,altosight.com//0
Sony microSDXC UHS-1 U3 128GB memóriakártya + adapter (SRG1UXA),59990.0,SONY,128 GB,altosight.com//25
"SANDISK DUAL DRIVE, TYPE-C, USB 3.0, 16GB, 130 MB/S",6790.0,SANDISK,16 GB,altosight.com//66
"SanDisk Dual Drive, TYPE-C, USB 3.0, 64GB, 150 MB/S",14190.0,SANDISK,64 GB,altosight.com//68
Lexar XQD 32GB X1400 PROFESSIONAL XQD +KUPON PREMIUM -50% na AB FOTOKSI??K? - Abfoto,329.0,LEXAR,32 GB,altosight.com//94
Lexar XQD 32GB X1400 PROFESSIONAL XQD +KUPON PREMIUM -50% na AB FOTOKSI??K? - Abfoto,329.0,LEXAR,32 GB,altosight.com//95
SANDISK TARJETA MICRO SDHC EXTREM PRO 16GB HC 95MB CLASE 10 - Tarjetas - Accesorios,29.0,SANDISK,16 GB,altosight.com//162
SANDISK Ultra Performance Class 10 microSD Memory Card - 128 GB,69.99,SANDISK,128 GB,altosight.com//204
SANDISK Ultra Performance Class 10 microSD Memory Card - 32 GB,29.99,SANDISK,32 GB,altosight.com//206
SANDISK Ultra Performance Class 10 microSD Memory Card - 64 GB,39.99,SANDISK,64 GB,altosight.com//207
SANDISK Ultra Plus Class 10 SD Memory Card - 16 GB,19.99,SANDISK,16 GB,altosight.com//209
SANDISK Ultra Plus Class 10 SD Memory Card - 64 GB,39.99,SANDISK,64 GB,altosight.com//211
"PNY Attache 4 USB 2.0 Memory Stick - 128 GB, Black",21.99,PNY,128 GB,altosight.com//212
Karta pami?ci Lexar XQD 32 GB x1400 Pro,289.0,LEXAR,32 GB,altosight.com//240
Karta pami?ci Sandisk microSDHC 16GB Extreme Pro 95MB/s C10 UHS-I + adapter SD,103.0,SANDISK,16 GB,altosight.com//244
"Wysokiej jako?ci karta pami?ci microSD SR-UX2A, która zosta?a zaprojektowana do zapisu zdj?? w wysokiej rozdzielczo?ci, obs?ugi szybkich trybów zdj?? seryjnych oraz filmowania w rozdzielczo?ci 4K lub Full HD (XAVC S), w trakcie korzystania z urz?dze? takich jak np. zaawansowane smartfony, tablety czy kamery sportowe. Wytrzyma?a obudowa zapewnia bezpiecze?stwo danych i odporno?? na wstrz?sy, kurz, py?, wilgo?, promieniowanie rentgenowskie i skrajne temperatury. Szybki odczyt wynosz?cy 95 MB/s i pozwala na swobodn? prac? w cyfrowej ciemni czy studiu monta?owym z profesjonalnymi aparatami cyfrowymi i kamerami. W zestawie z adapterem umo?liwiaj?cym ?atwe przes?anie danych z i do pami?ci komputera.",229.0,SONY,128 GB,altosight.com//289
"Wysokiej jako?ci karta pami?ci microSD SR-UY3A, która zosta?a zaprojektowana do zapisu zdj?? w wysokiej rozdzielczo?ci, obs?ugi szybkich trybów zdj?? seryjnych oraz filmowania w rozdzielczo?ci 4K lub Full HD (XAVC S), w trakcie korzystania z urz?dze? takich jak np. zaawansowane smartfony, tablety czy kamery sportowe. Wytrzyma?a obudowa zapewnia bezpiecze?stwo danych i odporno?? na wstrz?sy, kurz, py?, wilgo?, promieniowanie rentgenowskie i skrajne temperatury. Szybki odczyt wynosz?cy 90 MB/s i pozwala na swobodn? prac? w cyfrowej ciemni czy studiu monta?owym z profesjonalnymi aparatami cyfrowymi i kamerami. W zestawie z adapterem umo?liwiaj?cym ?atwe przes?anie danych z i do pami?ci komputera.",229.0,SONY,128 GB,altosight.com//299
"Karta pami?ci SDHC (Secure Digital High Capacity) gwarantuj?ca minimaln? szybko?? transferu 4 MB/s, kompatybilna tylko z urz?dzeniami obs?uguj?cymi standard SDHC. Obj?ta wieczyst? gwarancj?.",,Kingston,4 GB,altosight.com//329
Karta pami?ci Sony microSD 8 GB,40.0,SONY,8 GB,altosight.com//365
Carte SD Lexar PREMIUM SERIES SDHC 8 Go - SD 300X 8GB (4116020),7.9,LEXAR,8 GB,altosight.com//389
Carte micro SD Samsung MSD EVO PLUS 16GB (4225090),12.99,Samsung,16 GB,altosight.com//402
Carte micro SD Sandisk EXTREME PLUS MICRO SDHC 16 Go - MSD 16GB EXT PLUS V2 (4144520),46.32,SANDISK,16 GB,altosight.com//404
Clé USB Lexar JUMPDRIVE S25 16GB - LJDS25-16GABEU (4110277),13.9,LEXAR,16 GB,altosight.com//431
Clé USB Lexar JUMPDRIVE S25 32GB (4110331),22.9,LEXAR,32 GB,altosight.com//432
Clé USB Lexar JUMPDRIVE S25 64GB (4110315),39.9,LEXAR,64 GB,altosight.com//433
Clé USB Lexar V30 16GB USB 2.0 (4169409),8.9,LEXAR,16 GB,altosight.com//434
Clé USB Lexar V30 32GB USB 2.0 (4169425),11.9,LEXAR,32 GB,altosight.com//435
Clé USB Lexar P20 USB 3.0 128 GO (4187407),99.9,LEXAR,128 GB,altosight.com//437
Clé USB Lexar P20 USB 3.0 32 GO (4187369),33.23,LEXAR,32 GB,altosight.com//438
Clé USB Sandisk GLIDE 128 GB 3.0 (4194551),64.9,SANDISK,128 GB,altosight.com//477
Clé USB Sony Clé OTG 16Go USM16CA1 type C et USB 3.1 (4190041),29.99,SONY,16 GB,altosight.com//500
Clé USB Intenso Cl&amp;eacute; USB 16GB Intenso Basic Line - Sous blister (MK48541586),8.84,Intenso,16 GB,altosight.com//533
Clé USB Intenso Cl&amp;eacute; USB 4GB INTENSO Rainbow Line - Sous Blister (MK483972804),7.14,Intenso,4 GB,altosight.com//546
Clé USB Intenso Cl&amp;eacute; USB 64GB Intenso FlashDrive Premium Line 3.0 - blister aluminium (MK935883101),39.22,Intenso,64 GB,altosight.com//549
Clé USB Intenso Cl&amp;eacute; USB 8GB Intenso FlashDrive Premium Line 3.0 - blister aluminium (MK935883071),10.55,Intenso,8 GB,altosight.com//556
Clé USB Kingston Cl&amp;eacute; USB 16GB Kingston DT101 G2 - Sous Blister (MK483703403),13.95,Kingston,16 GB,altosight.com//564
Clé USB Kingston Cl&amp;eacute; USB 32GB Kingston DT101 G2 - Sous blister (MK935278601),24.45,Kingston,32 GB,altosight.com//566
Clé USB Kingston Cl&amp;amp;eacute; USB 64Go Kingston DataTraveler DTI G4 - Sous blister,19.89,Kingston,64 GB,altosight.com//568
Clé USB Kingston Kingston Clé USB 16 Go Datatraveler G2 101 (MK1574653819),14.61,Kingston,16 GB,altosight.com//573
Clé USB Lexar 16GB JumpDrive V30 16Go USB 2.0 Type A Blanc lecteur USB flash (MK1289619889),11.94,LEXAR,16 GB,altosight.com//590
"Clé USB Lexar 32GB JumpDrive V30 32Go USB 2.0 Type A Vert, Blanc lecteur USB flash (MK1344856649)",13.92,LEXAR,32 GB,altosight.com//592
"Clé USB Lexar JumpDrive C20c 128GB 128GB USB 3.0 (3.1 Gen 1) Type-A/Type-C Noir, Argent lecteur USB flash (MK1008030400)",76.72,LEXAR,128 GB,altosight.com//593
"Clé USB Lexar JumpDrive C20m 128GB 128GB USB 3.0 (3.1 Gen 1) Type-A Noir, Argent lecteur USB flash (MK1902705846)",57.8,LEXAR,128 GB,altosight.com//596
"Clé USB Lexar JumpDrive C20m 32GB 32GB USB 3.0 (3.1 Gen 1) Type-A/Type-C Noir, Argent lecteur USB flash (MK113845669)",29.97,LEXAR,32 GB,altosight.com//597
Clé USB Sandisk Extreme GO 64Go USB 3.0 (3.1 Gen 1) Type A Noir lecteur USB flash (MK1905627408),54.22,SANDISK,64 GB,altosight.com//618
Clé USB Toshiba THN-U202W1280E4 128Go USB 2.0 Type A Blanc lecteur USB flash (MK1725168789),39.77,TOSHIBA,128 GB,altosight.com//638
Carte SD Sandisk Sandisk 8go classe 4 sd secure digital sdhc,8.99,SANDISK,8 GB,altosight.com//693
Carte XQD Lexar XQD PRO 32 Go 1400X (MK937093372),87.45,LEXAR,32 GB,altosight.com//760
Accessoires Montres / Bracelets connectés Sandisk Carte mémoire sdxc sandisk extreme 128 go,66.54,SANDISK,32 GB,altosight.com//776
Accessoires Montres / Bracelets connectés Sandisk Carte mémoire sdxc sandisk extreme 128 go,46.83,SANDISK,32 GB,altosight.com//777
Accessoires Montres / Bracelets connectés Sandisk Ultra android microsdhc 32g,23.49,SANDISK,32 GB,altosight.com//783
Accessoires Montres / Bracelets connectés Sandisk Ultra android microsdhc 32g,26.48,SANDISK,32 GB,altosight.com//784
Carte mémoire Sandisk MicroSDHC 16Go Sandisk Extreme Pro CL10 UHS-I 95MBs/633x Bulk/Mini Case (MK93587531),41.16,SANDISK,16 GB,altosight.com//792
Carte mémoire Sony CARTE SDHC 8Go 40 Mo/s (MK935595673),16.05,SONY,8 GB,altosight.com//799
Carte SD Sandisk Sandisk 8go classe 4 sd secure digital sdhc,6.99,SANDISK,8 GB,altosight.com//835
Accessoires Montres / Bracelets connectés Sandisk Carte mémoire sdxc sandisk extreme 128 go,49.6,SANDISK,32 GB,altosight.com//909
Accessoires Montres / Bracelets connectés Sandisk Ultra android microsdhc 32g,26.39,SANDISK,32 GB,altosight.com//911
Sandisk SDHC 8GO - SDHC8GO,28.18,SANDISK,8 GB,altosight.com//926
Samsung microSD EVO Plus 16GB 80 MB\/s,29.99,Samsung,16 GB,altosight.com//994
Kingston Data Traveler I G4 64GB USB 3.0,79.99,Kingston,64 GB,altosight.com//1058
Kingston HyperX Savage 512GB USB 3.0,949.0,Kingston,512 GB,altosight.com//1069
PNY Attache 4 8GB USB 2.0 (czarny),24.99,PNY,8 GB,altosight.com//1073
SAMSUNG - EVO+ MB-MC16D 16GB&nbsp;Rosso/Bianco,9.0,Samsung,16 GB,altosight.com//1129
SANDISK - SDHC 8GB&nbsp;,7.99,SANDISK,8 GB,altosight.com//1160
SONY - SF8U (SDHC 8GB CLASSE 6)&nbsp;,9.99,SONY,8 GB,altosight.com//1176
SONY - SONY SDHC MEMORY 16GB SF16N4&nbsp;,12.99,SONY,16 GB,altosight.com//1178
TOSHIBA - scheda di memoria microSDHC 32GB - Exceria&nbsp;NERO,29.0,TOSHIBA,32 GB,altosight.com//1187
LEXAR - JumpDrive USB 2.0 16GB&nbsp;grey/orange,19.9,LEXAR,16 GB,altosight.com//1198
LEXAR - Jumpdrive V10 8GB&nbsp;,6.99,LEXAR,8 GB,altosight.com//1202
SANDISK - Cruzer Extreme USB 3.0 16GB&nbsp;,29.9,SANDISK,16 GB,altosight.com//1204
SANDISK - Cruzer Fit 128GB&nbsp;,149.99,SANDISK,128 GB,altosight.com//1205
SONY - Memoria USB Type-C USB 3.1 16GB&nbsp;,29.9,SONY,16 GB,altosight.com//1226
SONY - USM32GR&nbsp;Nero,29.9,SONY,32 GB,altosight.com//1245
Clé USB 3.1 Sony Type C 16 Go + Etui en Métal Argent,19.99,SONY,16 GB,altosight.com//1281
Clé USB3.0 Lexar JumpDrive P20 32 Go Noir,,LEXAR,32 GB,altosight.com//1286
DataTraveler 101 G2 - Lecteur flash USB - 16 Go - Hi-Speed USB - noir,,Kingston,16 GB,altosight.com//1291
SanDisk - carte mémoire flash - 4 Go - microSDHC,,SANDISK,4 GB,altosight.com//1292
Kingston - carte mémoire flash - 4 Go - SDHC,,Kingston,4 GB,altosight.com//1295
Kingston Ultimate - carte mémoire flash - 16 Go - SDHC,,Kingston,16 GB,altosight.com//1314
Kingston datatraveler 101 generation 2 (g2) clé usb 32 go mauve kingston technology dt101g2 32gb,,Kingston,32 GB,altosight.com//1321
Kingston - carte mémoire flash - 256 Go - SDXC,,Kingston,256 GB,altosight.com//1337
Toshiba EXCERIA - carte mémoire flash - 32 Go - microSDHC UHS-I,,TOSHIBA,32 GB,altosight.com//1342
Toshiba sdxc carte class 10 64go   gb exceria ultra highuhs i,,TOSHIBA,64 GB,altosight.com//1343
Toshiba EXCERIA - carte mémoire flash - 64 Go - microSDXC UHS-I,,TOSHIBA,64 GB,altosight.com//1345
Toshiba EXCERIA PRO - carte mémoire flash - 32 Go - SDHC UHS-II,,TOSHIBA,32 GB,altosight.com//1352
Toshiba EXCERIA PRO - carte mémoire flash - 128 Go - SDXC UHS-II,,TOSHIBA,128 GB,altosight.com//1353
Toshiba EXCERIA PRO - carte mémoire flash - 64 Go - SDXC UHS-II,,TOSHIBA,64 GB,altosight.com//1354
Kingston Carte Sd Professionnelles Sda10 256Gb Uhs-I Sdhc Sdxc Classe 10 - 256Go,,Kingston,256 GB,altosight.com//1370
Sony Usm32Gr Noir Clé Usb 32Go,,SONY,32 GB,altosight.com//1384
Transcend Ultimate series - carte mémoire flash - 64 Go - SDXC UHS-II,,Transcend,64 GB,altosight.com//1389
Intenso premium line 64gb usb 3.0 (3534490),,Intenso,64 GB,altosight.com//1394
Kingston - carte mémoire flash - 16 Go - microSDHC UHS-I,,Kingston,16 GB,altosight.com//1399
Toshiba EXCERIA N302 - carte mémoire flash - 128 Go - SDXC UHS-I,,TOSHIBA,128 GB,altosight.com//1404
SANDISK Carte Mémoire Extreme Pro SDHC / SDXC 16 Go 280 Mo /s  UHSII,,SANDISK,16 GB,altosight.com//1421
Sandisk Carte mémoire microSDHC - 4 Go,,SANDISK,4 GB,altosight.com//1423
Sony Carte mémoire SDHC 16 Go Class4,,SONY,16 GB,altosight.com//1437
Sony Carte mémoire SDHC UHS-I 8 Go Class6,,SONY,8 GB,altosight.com//1442
Lexar JumpDrive S25  Memoria USB 3.0 16 GB verde en Fnac.es,11.99,LEXAR,16 GB,altosight.com//1443
Lexar JumpDrive S25  Memoria USB 3.0  32 GB en Fnac.es,18.99,LEXAR,32 GB,altosight.com//1444
Lexar JumpDrive S25  Memoria USB 3.0  64 GB violeta en Fnac.es,34.99,LEXAR,64 GB,altosight.com//1445
Lexar JumpDrive V30 - unidad flash USB - 16 GB en Fnac.es,,LEXAR,16 GB,altosight.com//1446
Lexar JumpDrive V30 - unidad flash USB - 32 GB en Fnac.es,14.99,LEXAR,32 GB,altosight.com//1447
Lexar JumpDrive V30 - unidad flash USB - 8 GB en Fnac.es,6.29,LEXAR,8 GB,altosight.com//1449
Memoria USB Lexar Jumpdrive C20c 128 GB en Fnac.es,79.99,LEXAR,128 GB,altosight.com//1451
Memoria USB Lexar JumpDrive S70 16GB Pendrive en Fnac.es,,LEXAR,16 GB,altosight.com//1454
Memoria USB SanDisk Extreme USB 3.0 Flash Drive 16 GB Pendrive en Fnac.es,,SANDISK,16 GB,altosight.com//1472
Memoria USB Sony Micro Vault Style 4 GB color blanco Pendrive en Fnac.es,,SONY,4 GB,altosight.com//1482
Memoria USB Sony Micro Vault Style 4 GB color rosa Pendrive en Fnac.es,,SONY,4 GB,altosight.com//1483
Memoria USB Toshiba Transmemory U202 USB 2.0 128GB en Fnac.es,39.99,TOSHIBA,128 GB,altosight.com//1496
SanDisk MicroSDHC+SD adapter 4GB SDSDQM-004G-B35A en Fnac.es,,SANDISK,4 GB,altosight.com//1506
Sandisk - 16gb Extreme en Fnac.es,,SANDISK,16 GB,altosight.com//1513
Sony Unidad Flash USB alta velocidad (32 GB) USM32GQX - Pendrive / Memoria USB en Fnac.es,,SONY,32 GB,altosight.com//1520
Sony Unidad Flash USB alta velocidad (8 GB) USM8GQX - Pendrive / Memoria USB en Fnac.es,,SONY,8 GB,altosight.com//1521
Lexar 16GB JumpDrive S70 - Pendrive / Memoria USB en Fnac.es,,LEXAR,16 GB,altosight.com//1539
Lexar JumpDrive P20 32GB - Pendrive / Memoria USB en Fnac.es,,LEXAR,32 GB,altosight.com//1543
Lexar JumpDrive P20 128GB - Pendrive / Memoria USB en Fnac.es,,LEXAR,128 GB,altosight.com//1544
Toshiba USB 3.0 128GB - Pendrive / Memoria USB en Fnac.es,,TOSHIBA,128 GB,altosight.com//1550
Pendrive Kingston 64gb g4 Memoria usb 3.0 64 gb Original pen Drive Nuevo Calidad en Fnac.es,,Kingston,64 GB,altosight.com//1568
"Toshiba - U201 64gb USB 2.0 Verde, Color Blanco Unidad Flash USB en Fnac.es",,TOSHIBA,64 GB,altosight.com//1575
"Sandisk Cruzer Glide 256 GB 256GB USB 2.0 Negro, Rojo unidad flash USB en Fnac.es",,SANDISK,256 GB,altosight.com//1579
Intenso 3534490 - Memoria USB Llave USB en Fnac.es,,Intenso,64 GB,altosight.com//1593
Tarjeta microSDHC SanDisk Extreme Pro UHS-1 16GB en Fnac.es,15.59,SANDISK,16 GB,altosight.com//1653
Memoria SDHC Sony 8GB Class 10 / UHS I,9.99,SONY,8 GB,altosight.com//1756
Memoria Transcend SDXC 64GB Clase 10 UHS-II U3 Ultimate,127.99,Transcend,64 GB,altosight.com//1780
Tarjeta microSDXC Samsung clase 10 128GB PRO con adaptador,99.99,Samsung,128 GB,altosight.com//1825
Sandisk MicroSDHC 16 Gb EXTREME PRO | microSD | Memorie | Foto De Angelis,29.0,SANDISK,16 GB,altosight.com//1839
Sandisk MicroSDHC 4 Gb | microSD | Memorie | Foto De Angelis,6.0,SANDISK,4 GB,altosight.com//1846
Lexar SDHC 8 Gb 300X Classe 10 | SD (secure digital) | Memorie | Foto De Angelis,12.0,LEXAR,8 GB,altosight.com//1858
Sandisk SDHC 16 Gb EXTREME PRO 1867x | SD (secure digital) | Memorie | Foto De Angelis,79.0,SANDISK,16 GB,altosight.com//1860
Sandisk SDHC 32 Gb Extreme Pro 1867x | SD (secure digital) | Memorie | Foto De Angelis,81.9,SANDISK,16 GB,altosight.com//1865
Sandisk SDHC 8 Gb EXTREME PRO | SD (secure digital) | Memorie | Foto De Angelis,25.5,SANDISK,8 GB,altosight.com//1871
Sandisk SDHC 8 Gb | SD (secure digital) | Memorie | Foto De Angelis,7.3,SANDISK,8 GB,altosight.com//1872
"KINGSTON Ultimate SDHC 16GB, UHS-I/Class 10 (SDA10/16GB)",17.99,Kingston,16 GB,altosight.com//2017
INTENSO 3502450 Rainbow Line USB-Stick 4 GB,5.49,Intenso,4 GB,altosight.com//2063
INTENSO 3503470 Basic Line 16 GB USB-Stick 16 GB,7.99,Intenso,16 GB,altosight.com//2071
INTENSO 3534460 Premium Line USB-Stick 8 GB,8.99,Intenso,8 GB,altosight.com//2092
INTENSO 3534490 Premium Line USB-Stick 64 GB,24.99,Intenso,64 GB,altosight.com//2095
INTENSO Premium Line USB-Stick,29.99,Intenso,64 GB,altosight.com//2110
INTENSO Premium Line USB-Stick,8.99,Intenso,8 GB,altosight.com//2111
INTENSO Rainbow Line USB-Stick,6.49,Intenso,4 GB,altosight.com//2114
LEXAR LJDS25-32GABEU S25 USB-Stick 32 GB,12.99,LEXAR,32 GB,altosight.com//2123
"PNY Attache 4 2.0 USB-Stick, Schwarz, 128 GB Günstig und gut Stock 128 GB Preis\\u002FLeistung top Günstiger Stick USb 128 GB Preis-Leistung ist nicht zu topen USB 128 GB neu DVD und Blu Ray Disc und Computer und Apple Computer und USB Guter Preis \\u002F mäßige Leistung Guter USB Stick für wenig Geld Handliche Datensicherung {{product}} Technische Daten Technische Daten Produktbeschreibung Produktdatenblatt Produktbewertungen Bewerten Sie dieses Produkt Titel Titel Vielen Dank Zubehör Lieferung Abholung",17.99,PNY,128 GB,altosight.com//2131
"SONY SF8U, SD Full Size SD Speicherkarte, 8 GB, 90 MB/s",8.99,SONY,8 GB,altosight.com//2228
"SONY SRG1UXA, Micro-SDXC Speicherkarte, 128 GB, 95 MB/s",179.99,SONY,128 GB,altosight.com//2251
"TOSHIBA Exceria Pro N401 , 32 GB",35.99,TOSHIBA,32 GB,altosight.com//2255
SANDISK Dual Drive USB 3.0/Type-C pendrive 16GB (173336) (SDDDC2-016G-G46),6689.0,SANDISK,16 GB,altosight.com//2282
SANDISK Dual Drive USB 3.0/Type-C pendrive 64GB (173338) (SDDDC2-064G-G46),14589.0,SANDISK,64 GB,altosight.com//2283
SONY 128GB USB 3.0 pendrive USM128GQX,49999.0,SONY,128 GB,altosight.com//2331
SONY 32GB pendrive USM32GR,8999.0,SONY,32 GB,altosight.com//2344
SONY 32GB USB 3.0 pendrive USM32GQX,19989.0,SONY,32 GB,altosight.com//2345
SONY USM16CA1 Pendrive 16 GB,10989.0,SONY,16 GB,altosight.com//2397
LEXAR JumpDrive C20c 128 GB,89.99,LEXAR,128 GB,altosight.com//2421
LEXAR Jumpdrive C20m 128GB,59.99,LEXAR,128 GB,altosight.com//2424
LEXAR Jumpdrive C20m 32GB,28.99,LEXAR,32 GB,altosight.com//2425
LEXAR JumpDrive S25 64GB,34.99,LEXAR,64 GB,altosight.com//2428
SANDISK Cruzer Glide 32 GB,19.99,SANDISK,32 GB,altosight.com//2441
SANDISK Ultra USB Type-C 64 GB,38.99,SANDISK,64 GB,altosight.com//2486
CARTE SDHC SANDISK EXTREME PRO 8GO 633X,25.2,SANDISK,8 GB,altosight.com//2494
CARTE SDXC SANDISK EXT+ 128GO UHS 1 CLASSE 10,80.4,SANDISK,128 GB,altosight.com//2498
CLE USB SANDISK 16GO USB3,30.0,SANDISK,16 GB,altosight.com//2499
CARTE MICRO SDHC SANDISK EXTREME PRO 16GO 633X,32.4,SANDISK,16 GB,altosight.com//2508
CARTE XQD LEXAR 32GO 1400X,78.0,LEXAR,32 GB,altosight.com//2534
"INTENSO 3503470 Basic Line 16 GB, USB-Stick, USB 2.0, 16 GB",7.99,Intenso,16 GB,altosight.com//2600
"INTENSO Premium Line, USB-Stick, USB 3.0, 8 GB",8.99,Intenso,8 GB,altosight.com//2611
"PNY Attache 4 2.0, 128 GB",49.49,PNY,128 GB,altosight.com//2621
"SANDISK Cruzer&reg; Glide&trade; USB Flash-Laufwerk, 256 GB",79.99,SANDISK,256 GB,altosight.com//2625
"SONY SF16N4 SD Speicherkarte, 16 GB, 15 Mbit/s, Class 4",12.99,SONY,16 GB,altosight.com//2716
"TOSHIBA TransMemory U202, 128 GB",28.99,TOSHIBA,128 GB,altosight.com//2742
Lexar 8GB 300x Premium II SDHC Card,10.0,LEXAR,8 GB,altosight.com//2775
Sony 16GB SDHC Class 4,29.0,SONY,16 GB,altosight.com//2835
Lexar 8GB 300x Premium II SDHC Card,11.99,LEXAR,8 GB,altosight.com//2889
Lexar XQD 32GB X1400 PROFESSIONAL XQD  - XQD - Karty pami?ci - No?niki pami?ci - Produkty,239.0,LEXAR,32 GB,altosight.com//3076
"Samsung Galaxy A10 Dual SIM - 32GB, 2GB RAM, 4G LTE, Black",1999.0,Samsung,,altosight.com//3090
"Samsung Galaxy A10 Dual SIM - 32GB, 2GB RAM, 4G LTE, Blue",1999.0,Samsung,,altosight.com//3091
"Samsung Galaxy A10 Dual SIM - 32GB, 2GB RAM, 4G LTE, Red",1975.0,Samsung,,altosight.com//3092
"Samsung Galaxy A20 Dual SIM - 32GB, 3GB RAM, 4G LTE, Black",2555.0,Samsung,,altosight.com//3093
"Samsung Galaxy A30 Dual SIM - 64GB, 4GB RAM, 4G LTE, Black",3400.0,Samsung,,altosight.com//3095
"Samsung Galaxy A50 Dual Sim, 128 GB, 4G LTE, White",4530.0,Samsung,,altosight.com//3098
"Samsung Galaxy A7 2018 Dual SIM - 128GB, 4GB RAM, 4G LTE, Gold",4950.0,Samsung,,altosight.com//3101
"Samsung Galaxy J4 Core Dual Sim - 16GB, 1GB RAM, 4G LTE, Black",1899.0,Samsung,,altosight.com//3107
"Samsung Galaxy J6 Plus Dual Sim - 32GB, 4G LTE, Black",2875.0,Samsung,,altosight.com//3111
"Samsung Galaxy Note 9 Dual SIM - 512GB, 8GB RAM, 4G LTE, Midnight Black",16666.0,Samsung,,altosight.com//3114
"Samsung Galaxy S10 Dual Sim - 128GB, 8GB, 4G LTE, Prism Black",13499.0,Samsung,,altosight.com//3116
"Samsung Galaxy S10 Dual Sim - 128GB, 8GB, 4G LTE, Prism White",12999.0,Samsung,,altosight.com//3117
"Samsung Grand Prime Plus Dual Sim - 8GB, 1.5GB RAM, 4G LTE, Silver",2399.0,Samsung,,altosight.com//3119
Sandisk Ultra USB 3.0 Fit 128GB USB Stick,69.0,SANDISK,128 GB,altosight.com//3156
Karta pami?ci SAMSUNG 128GB microSDXC Pro+ MB,399.0,Samsung,128 GB,altosight.com//3223
Karta pami?ci SAMSUNG 128GB microSDXC Pro MB,369.0,Samsung,128 GB,altosight.com//3224
"Karta SANDISK microSDHC 16GB Extreme Pro 95 MB/s, Karty pami?ci",159.0,SANDISK,16 GB,altosight.com//3370
"Karta SANDISK SDHC 8GB, Karty pami?ci",19.99,SANDISK,8 GB,altosight.com//3407
"Karta SONY SF16N4, Karty pami?ci",39.99,SONY,16 GB,altosight.com//3411
Karta TOSHIBA microSDHC 32GB UHS,119.0,TOSHIBA,32 GB,altosight.com//3448
Karta TOSHIBA SDXC 128GB Exceria N302  UHS,219.0,TOSHIBA,128 GB,altosight.com//3449
"Pami?? SANDISK EXTREME 16GB, Pami?ci przeno?ne",85.0,SANDISK,16 GB,altosight.com//3476
Pami?? USB KINGSTON DataTraveler G4 64 GB Bia?o,129.0,Kingston,64 GB,altosight.com//3482
"TOSHIBA TransMemory U202, 128 GB, weiss",54.95,TOSHIBA,128 GB,altosight.com//3531
Intenso Rainbow Line - USB-Stick - 4 GB - Blau,7.95,Intenso,4 GB,altosight.com//3538
"TOSHIBA EXCERIA PRO M401, 16 GB",17.95,TOSHIBA,16 GB,altosight.com//3566
"TOSHIBA EXCERIA PRO N401, 128 GB",79.95,TOSHIBA,128 GB,altosight.com//3583
"Toshiba SDHC EXCERIA PRO 32Go, silber",24.4,TOSHIBA,32 GB,altosight.com//3595
"TOSHIBA EXCERIA PRO N101, 64 GB",154.95,TOSHIBA,64 GB,altosight.com//3599
"Toshiba SDHC EXCERIA PRO 64GB, silber",54.95,TOSHIBA,64 GB,altosight.com//3600
"KINGSTON HXS3, 512GB, 3.1 - Mediamarkt.es",296.0,Kingston,512 GB,altosight.com//3608
PNY Attaché 4 8GB USB 2.0 Tipo A Negro unidad flash USB,6.99,PNY,8 GB,altosight.com//3611
Lexar JumpDrive C20c 128GB 128GB USB 3.0 (3.1 Gen 1) Conector USB Tipo,63.99,LEXAR,128 GB,altosight.com//3612
Kingston Ultimate - Tarjeta de memoria flash - 16 GB - UHS Class 1 / Class10 - 300x - SDHC - Mediamarkt.es,,Kingston,16 GB,altosight.com//3639
Lexar JumpDrive C20m 128GB 128GB USB 3.0 (3.1 Gen 1) Type-A Negro,,LEXAR,128 GB,altosight.com//3643
Lexar JumpDrive C20m 32GB 32GB USB 3.0 (3.1 Gen 1) Type-A/Type-C Negro,,LEXAR,32 GB,altosight.com//3644
"Lexar JumpDrive S25 64GB 64GB USB 3.0 Púrpura, Color blanco unidad fl",,LEXAR,64 GB,altosight.com//3646
"Pendrive 128GB Toshiba TransMemory White, USB 2.0, blanco",,TOSHIBA,128 GB,altosight.com//3661
"Pendrive de 16 GB - Lexar JumpDrive V30 LJDV30-16GABEU, USB 2.0",,LEXAR,16 GB,altosight.com//3663
"Pendrive 16GB Sony USM16CA1, USB 3.0, Micro-USB, Plateado",,SONY,16 GB,altosight.com//3665
"Pendrive 32GB Toshiba TransMemory White, USB 2.0, blanco",,TOSHIBA,8 GB,altosight.com//3672
"Pendrive 8GB azul Toshiba TransMemory Aqua, USB 2.0 (Mod.THNU08HAYAQA(",,TOSHIBA,8 GB,altosight.com//3676
"Pendrive 8GB Toshiba TransMemory U202 White, USB 2.0, blanco (Mod.Refe",,TOSHIBA,8 GB,altosight.com//3677
"Pendrive de 16GB - Lexar JumpDrive® S25 , USB 3.0, 130MB/s, blanco y a",10.0,LEXAR,16 GB,altosight.com//3679
"Pendrive de 32GB Lexar JumpDrive® S25, USB 3.0, 130MB/s (Mod.Referenci",,LEXAR,32 GB,altosight.com//3686
"Pendrive de 32 GB - Lexar JumpDrive V30 LJDV30-32GABEU, USB 2.0",,LEXAR,32 GB,altosight.com//3698
"Tarjeta micro SD de Sandisk Extreme Pro UHS-I , 16 GB",,SANDISK,16 GB,altosight.com//3729
"Tarjeta SDHC - Lexar 300X 8GB, clase 10",,LEXAR,8 GB,altosight.com//3758
Tarjeta SDHC Sandisk 8GB,,SANDISK,8 GB,altosight.com//3762
"Tarjeta SDXC - Toshiba Exceria UHS-I, 64GB",,TOSHIBA,64 GB,altosight.com//3769
Transcend TS64GSD2U3 | Card SD Secure Digital | Storage media | Re ... - New,99.41,Transcend,64 GB,altosight.com//3797
"Sony Micro Vault MACH USM32GQX Drive,Sony,USM32GQX/B",38.3,SONY,32 GB,altosight.com//3808
Kingston SD4/4GB Memory 4GB SDHC Class 4 Flash Card,,Kingston,4 GB,altosight.com//3814
"SanDisk Standard SDHC 8 GB Memory Card (Label May Change),SanDisk,SDSDB-008G-B35,B009HQG4G2,Computer_Components,Drives and Mass Storage,SD HC,SDHC,8Gb,8 Gig,Memory,Memory,Card,SanDisk,ScanDisk,SDSDB,SDSDB8192,8192,SDSDB8192E,8192E,E,SDSDB8192E11,8192E11,E11,Secure Digital,SecureDigital,SD,",,SANDISK,8 GB,altosight.com//3815
Kingston DataTraveler 101 G2 16 GB USB 2.0 Flash Drive - Black,7.91,Kingston,16 GB,altosight.com//3832
Kingston DataTraveler 101 G2 32 GB USB 2.0 Flash Drive - Purple,,Kingston,32 GB,altosight.com//3833
"Basic Line 16GB,Intenso,3502470",6.77,Intenso,16 GB,altosight.com//3858
"Sony 8GB SDHC Secure Digital Flash Memory Card - PERFORMANCE Series Class 10 UHS-1 (Read 90MB/s) - SF8U,Sony,CAN985",14.4,SONY,8 GB,altosight.com//3860
Lexar Professional JumpDrive S70 16GB USB 2.0 Retractable Design Flash Drive Memory Stick - Grey,12.99,LEXAR,16 GB,altosight.com//3887
Lexar Professional JumpDrive S70 16GB USB 2.0 Retractable Design Flash Drive Memory Stick - Grey (Pack of Two),23.99,LEXAR,16 GB,altosight.com//3894
Sandisk 8 Gb Secure Digital High Capacity (sdhc) - Class 4,15.18,SANDISK,8 GB,altosight.com//3899
Kingston Technology SDA10/16GB 16GB UHS-I Ultimate Flash Card,9.95,Kingston,16 GB,altosight.com//3904
SanDisk SDSDXS-128G-X46 Extreme Plus 128 GB 80 MB/s UHS-I Class 10 SDHC Memory Card,135.88,SANDISK,128 GB,altosight.com//3911
"Kingston Technology DT101G2/32GB DataTraveler 101 G2 32 GB USB Flash Drive, Purple",17.39,Kingston,32 GB,altosight.com//3913
Lexar JumpDrive S25 32GB USB 3.0 Flash Drive LJDS25-32GABEU (Green),15.07,LEXAR,32 GB,altosight.com//3978
"Lexar P20 32GB USB 3.0 JumpDrive - LJDP20-32GCRBEU,LEXAR MEDIA INC,LJDP20-32GCRBEU",27.81,LEXAR,32 GB,altosight.com//3980
Lexar V30 32GB JumpDrive USB 2.0 Flash Drive Memory Stick - Green,8.99,LEXAR,32 GB,altosight.com//3983
Lexar V30 16GB JumpDrive USB 2.0 Flash Drive Memory Stick - Teal,5.99,LEXAR,16 GB,altosight.com//3984
Lexar Platinum II 300x 8GB SDHC U1 Memory Card - LSD8GBBBEU300,7.95,LEXAR,8 GB,altosight.com//3995
Toshiba Exceria Pro N101 32GB SD Memory Card 260 MB/s - THN-N101K0320E6,62.84,TOSHIBA,32 GB,altosight.com//4007
Toshiba Exceria Pro N101 64GB SD Memory Card 260 MB/s 4K HD - THN-N101K0640E6,137.66,TOSHIBA,64 GB,altosight.com//4008
Toshiba EXCERIA SDHC 32 GB UHS-I (U3 - up to 95MB/s read) Flash Memory Card,29.49,TOSHIBA,32 GB,altosight.com//4010
"Toshiba 64GB Exceria MicroSD - memory cards (MicroSDXC, Black, UHS-I, microSD, Water resistant, X-ray-proof, Jewel case)",40.5,TOSHIBA,64 GB,altosight.com//4021
Kingston - Flash memory card - 128 GB - UHS Class 3 / Class10 - SDXC UHS-I,54.41,Kingston,128 GB,altosight.com//4022
Lexar 32 GB 1400X Professional XQD CompactFlash Card,,LEXAR,32 GB,altosight.com//4054
"Lexar JumpDrive C20m 32GB micro-USB Flash Drive,LEXJ4,LJDC20m-32GBBEU",18.41,LEXAR,32 GB,altosight.com//4071
"Lexar JumpDrive C20m 128 GB micro-USB Flash Drive,LEXJ4,LJDC20m-128BBEU",39.68,LEXAR,128 GB,altosight.com//4073
Toshiba TransMemory U202 8GB USB Flash Drive USB 2.0 - White - THN-U202W0080E4,,TOSHIBA,8 GB,altosight.com//4108
Transcend 64 GB Ultimate SDXC UHS-II U3 Memory Card,77.86,Transcend,64 GB,altosight.com//4120
"Sandisk 8GB Ultra SDHC Memory Card, Class 10, Read speed up to 80 MB/s + SD Adapter 32 gb",30.47,SANDISK,32 GB,altosight.com//4121
"Sandisk 8GB Ultra SDHC Memory Card, Class 10, Read speed up to 80 MB/s + SD Adapter 64 gb",36.7,SANDISK,64 GB,altosight.com//4122
"Sandisk 8GB Ultra SDHC Memory Card, Class 10, Read speed up to 80 MB/s + SD Adapter 128 GB",66.41,SANDISK,128 GB,altosight.com//4123
Toshiba Exceria Pro N101 128GB SD Memory Card 260 MB/s 4K - THN-N101K1280E6,148.97,TOSHIBA,128 GB,altosight.com//4124
Kingston 8 GB UHS Class 1/Class10 microSDHC UHS-I Flash Memory Card,,Kingston,8 GB,altosight.com//4130
Toshiba TransMemory U202 128GB USB Flash Drive USB 2.0 - White - THN-U202W1280E4,,TOSHIBA,128 GB,altosight.com//4131
Sandisk SDSDUNC-016G SDHC Ultra Plus UHS-I class_10,13.18,SANDISK,16 GB,altosight.com//4133
SanDisk 4GB Micro SD Class 4 Memory Card,,SANDISK,4 GB,altosight.com//4135
"SanDisk Cruzer Glide CZ600 32GB SDCZ600-032GB USB 3.0 Jump Drive Pen Drive Flash Drive,SanDisk,FBA_SDCZ600-032G-G35",13.97,SANDISK,32 GB,altosight.com//4138
HyperX 512 GB Savage USB 2.0/3.0/3.1 Flash Drive,206.09,Kingston,512 GB,altosight.com//4149
Toshiba THN-M401S0160E2 16 GB EXCERIA PRO M401 MicroSD Card,13.01,TOSHIBA,16 GB,altosight.com//4150
"SanDisk Cruzer Glide 256 GB USB 2.0 Flash Drive,SanDisk,SDCZ60-256G-B35",81.99,SANDISK,256 GB,altosight.com//4154
Toshiba Exceria Pro N401 128GB SD Memory Card 95 MB/s 4K - THN-N401S1280E4,65.08,TOSHIBA,128 GB,altosight.com//4164
"Kingston SDCIT/8GB microSDHC 8 GB UHS-I Class 10 Industrial Temperature Card + SD Adapter, Black",9.67,Kingston,8 GB,altosight.com//4173
"FLASH DRIVE, CRUZER EXTREME USB3.0 16GB",,SANDISK,16 GB,altosight.com//4182
Toshiba Exceria Pro N401 32GB SD Memory Card 95 MB/s 4K HD - THN-N401S0320E4,21.99,TOSHIBA,32 GB,altosight.com//4188
Toshiba Exceria Pro N401 64GB SD Memory Card 95 MB/s 4K HD - THN-N401S0640E4,41.47,TOSHIBA,64 GB,altosight.com//4189
Toshiba Exceria N302 128GB SD Memory Card 90 MB/s 4K HD - THN-N302R1280E4,39.99,TOSHIBA,128 GB,altosight.com//4223
PNY P-FD32GOTGSLMB-GE 3.0 32 GB Duo-Link OTG Micro USB Flash Drive,10.99,PNY,32 GB,altosight.com//4228
PNY FD128ATT4-EF Attache 128 GB USB 2.0 Flash Drive,16.99,PNY,128 GB,altosight.com//4282
SANDISK SDCZ60-256G-A46 256GB Cruzer Glide(TM) USB Flash Drive,,SANDISK,256 GB,altosight.com//4288
Intenso 3502450 4GB Rainbow USB 2.0 Flash Drive - Transparent Blue,8.28,Intenso,4 GB,altosight.com//4389
Intenso Basic Line 3503470 16GB USB 2.0 Flash Drive,8.03,Intenso,16 GB,altosight.com//4403
Kingston DataTraveler 101 G2 16 GB USB 2.0 Flash Drive - Black,6.35,Kingston,16 GB,altosight.com//4408
Lexar JumpDrive S25 32GB USB 3.0 Flash Drive LJDS25-32GABEU (Green),15.99,LEXAR,32 GB,altosight.com//4427
Lexar V30 32GB JumpDrive USB 2.0 Flash Drive Memory Stick - Green,8.99,LEXAR,32 GB,altosight.com//4429
Lexar JumpDrive S25 64GB USB 3.0 Flash Drive LJDS25-64GABEU (Purple),37.99,LEXAR,64 GB,altosight.com//4430
Lexar JumpDrive C20m 32GB micro-USB Flash Drive,19.28,LEXAR,32 GB,altosight.com//4431
Lexar JumpDrive C20m 128 GB micro-USB Flash Drive,43.75,LEXAR,128 GB,altosight.com//4433
Lexar JumpDrive C20c 128 GB USB Type-C Flash Drive,50.23,LEXAR,128 GB,altosight.com//4435
Lexar P20 32GB USB 3.0 JumpDrive - LJDP20-32GCRBEU,30.86,LEXAR,32 GB,altosight.com//4440
SanDisk Cruzer Glide 256 GB USB 2.0 Flash Drive,82.99,SANDISK,256 GB,altosight.com//4451
Sandisk SDCZ880-256G-G46 Cruzer Extreme Drive,178.17,SANDISK,256 GB,altosight.com//4492
Sony Micro Vault MACH USM32GQX Drive,29.04,SONY,32 GB,altosight.com//4513
Sony USM128GQX 128 GB RAM USB Flash Drive,113.31,SONY,128 GB,altosight.com//4516
Toshiba Exceria Pro N101 128GB SD Memory Card 260 MB/s 4K - THN-N101K1280E6,148.97,TOSHIBA,128 GB,altosight.com//4524
Toshiba Exceria Pro N101 32GB SD Memory Card 260 MB/s - THN-N101K0320E6,59.56,TOSHIBA,32 GB,altosight.com//4526
Toshiba Exceria Pro N101 64GB SD Memory Card 260 MB/s 4K HD - THN-N101K0640E6,209.99,TOSHIBA,64 GB,altosight.com//4527
Toshiba Exceria N302 128GB SD Memory Card 90 MB/s 4K HD - THN-N302R1280E4,39.99,TOSHIBA,128 GB,altosight.com//4528
Toshiba Exceria Pro N401 128GB SD Memory Card 95 MB/s 4K - THN-N401S1280E4,52.99,TOSHIBA,128 GB,altosight.com//4532
Toshiba Exceria Pro N401 32GB SD Memory Card 95 MB/s 4K HD - THN-N401S0320E4,24.99,TOSHIBA,32 GB,altosight.com//4534
Toshiba Exceria Pro N401 64GB SD Memory Card 95 MB/s 4K HD - THN-N401S0640E4,40.92,TOSHIBA,64 GB,altosight.com//4535
Toshiba EXCERIA SDHC 32 GB UHS-I (U3 - up to 95MB/s read) Flash Memory Card: Toshiba,29.42,TOSHIBA,32 GB,altosight.com//4537
Toshiba TransMemory?EX II 128 GB USB 3.0 (up to 220MB/s read) Flash Drive,85.67,TOSHIBA,128 GB,altosight.com//4539
Intenso Rainbow Line 4 GB USB-Stick USB 2.0 blau,5.49,Intenso,4 GB,altosight.com//4544
SanDisk Micro SDHC 4GB Class 4 Speicherkarte,,SANDISK,4 GB,altosight.com//4548
SanDisk microSDHC 4GB Class 4 Speicherkarte (inkl. microSD zu SD Adapter),,SANDISK,4 GB,altosight.com//4552
Sony SF16N4 Class 4 Standard 16GB SDHC-Speicherkarte,,SONY,16 GB,altosight.com//4565
Kingston DataTraveler 101 Gen 2 16GB USB Drive - Black,,Kingston,16 GB,altosight.com//4570
Kingston DataTraveler DT101G2 32GB USB-Stick USB 2.0 lila,,Kingston,32 GB,altosight.com//4571
Sony Micro Vault Midi 32GB Speicherstick USB 2.0,24.73,SONY,32 GB,altosight.com//4583
Intenso Basic Line 16 GB USB-Stick USB 2.0 silber-schwarz,,Intenso,16 GB,altosight.com//4585
Sony SF8U Class-10 8GB SDHC Speicherkarte mit UHS Interface,14.88,SONY,8 GB,altosight.com//4587
Kingston SDA10/16GB UHS-I SDHC/SDXC SD-Karte Klasse 10 Speicherkarte,17.05,Kingston,16 GB,altosight.com//4629
"Kingston DataTraveler DT101G2 32 GB USB-Stick USB 2.0 lila [Amazon Frustfreie Verpackung],Kingston,DT101G2/32GB",23.25,Kingston,32 GB,altosight.com//4638
SanDisk Extreme 16 GB USB-Flash-Laufwerk USB 3.0 bis zu 245 MB/Sek,,SANDISK,16 GB,altosight.com//4643
Toshiba Exceria Pro SDHC 32GB (bis zu 260MB/s lesen) Speicherkarte schwarz,86.89,TOSHIBA,32 GB,altosight.com//4665
Intenso Premium Line 8GB Speicherstick USB 3.0 silber,8.99,Intenso,8 GB,altosight.com//4680
"Toshiba 64GB microSDHC 64GB MicroSD UHS-I Class 10 Speicherkarte - Speicherkarten (MicroSD, UHS-I, Class 10, IPX7, Schwarz, Wasserfest, Röntgenstrahlenbeständig)",46.87,TOSHIBA,64 GB,altosight.com//4696
Toshiba Exceria SDHC 64GB (bis zu 95MB/s lesen) Speicherkarte schwarz,48.29,TOSHIBA,64 GB,altosight.com//4698
Kingston DataTraveler DTSE9G2 8GB Speicherstick USB 3.0 silber,,Kingston,8 GB,altosight.com//4704
Lexar P20 128GB USB 3.0 JumpDrive - LJDP20-128CRBEU,82.08,LEXAR,128 GB,altosight.com//4710
Lexar JumpDrive S25 64GB USB 3.0 Flash Drive LJDS25-64GABEU (Lila),21.1,LEXAR,64 GB,altosight.com//4711
"Lexar P20 32GB USB 3.0 JumpDrive - LJDP20-32GCRBEU,LEXAR MEDIA INC,LJDP20-32GCRBEU",42.55,LEXAR,32 GB,altosight.com//4713
PNY Attaché 4 USB-2.0-Stick 8GB schwarz,6.99,PNY,8 GB,altosight.com//4714
Lexar Platinum II 300x 8GB SDHC U1 Speicherkarte - LSD8GBBBEU300,7.99,LEXAR,8 GB,altosight.com//4730
Toshiba THN-N101K0320E6 32GB Exceria Pro N101 SD Karte,74.99,TOSHIBA,32 GB,altosight.com//4737
Toshiba THN-N101K0640E6 64GB Exceria Pro N101 SD Karte,148.45,TOSHIBA,64 GB,altosight.com//4738
Toshiba Exceria Micro SDHC 32GB Class 10 (bis zu 95MB/s lesen) Speicherkarte schwarz,35.73,TOSHIBA,32 GB,altosight.com//4740
Kingston SDA3/128GB SDHC/SDXC 128GB Ultra High-Speed Class 3 Speicherkarte,61.89,Kingston,128 GB,altosight.com//4749
Lexar LJDC20m-32GBBEUK JumpDrive C20m micro-USB-Flash-Laufwerk 32GB,24.88,LEXAR,32 GB,altosight.com//4785
Lexar LJDC20m-128BBEUK JumpDrive C20m micro-USB-Flash-Laufwerk 128GB,53.61,LEXAR,128 GB,altosight.com//4787
Lexar LJDC20c-128BBEUK JumpDrive C20c USB Type-C-Flash-Laufwerk 128GB,65.52,LEXAR,128 GB,altosight.com//4788
Toshiba TransMemory U202 8GB USB stick USB 2.0 aqua,,TOSHIBA,8 GB,altosight.com//4815
"Transcend SDXC/SDHC UHS-II U3 EXTREME 64GB Speicherkarte (285 MB/s Lesen, 180MB/s Schreiben)",102.4,Transcend,64 GB,altosight.com//4824
Toshiba THN-N101K1280E6 128GB Exceria Pro N101 SD Karte,,TOSHIBA,128 GB,altosight.com//4825
"HyperX Savage HXS3/512 GB USB-Stick USB 3.0 schwarz/rot bis zu 350MB/Sek R, 250MB/Sek W",222.47,Kingston,512 GB,altosight.com//4841
Toshiba THN-M401S0160E2 EXCERIA PRO M401 Flash-Speicher 16GB,18.78,TOSHIBA,16 GB,altosight.com//4842
SanDisk Cruzer Glide 256 GB USB-Flash-Laufwerk USB 2.0,87.92,SANDISK,256 GB,altosight.com//4845
Samsung Pro Micro SDXC 128GB Class 10 Speicherkarte,,Samsung,128 GB,altosight.com//4850
Kingston microSD Action Camera UHS-I U3 SDCAC 16GB Speicherkarte mit Adapter,14.59,Kingston,16 GB,altosight.com//4853
Toshiba Exceria Pro N401 SDXC 128GB UHS-I U3 Speicherkarte (bis zu 95MB/Sek. lesen),70.61,TOSHIBA,128 GB,altosight.com//4854
Kingston Industrial Temperature Micro SDHC UHS-I 8GB Class 10 Speicherkarte + SD-adapter,14.98,Kingston,8 GB,altosight.com//4861
"Toshiba Exceria Pro N401 SDHC 32GB UHS-I U3 Speicherkarte (bis zu 95MB/Sek. lesen),Toshiba,THN-N401S0320E4",,TOSHIBA,32 GB,altosight.com//4871
"Toshiba Exceria Pro N401 SDXC 64GB UHS-I U3 Speicherkarte (bis zu 95MB/Sek. lesen),Toshiba,THN-N401S0640E4",,TOSHIBA,64 GB,altosight.com//4872
Toshiba Exceria Pro N302 SDXC 128GB UHS-I U3 Speicherkarte (bis zu 90MB/Sek. lesen),53.93,TOSHIBA,128 GB,altosight.com//4893
Toshiba THN-M302R1280EA - EXCERIA M302-EA - Flash memory card (microSDXC to SD adapter included) - 128 GB - UHS Class 3 / Class10 - microSDXC UHS-I,,TOSHIBA,128 GB,altosight.com//4909
SanDisk SDCZ60–256 g-a46 256 GB Cruzer Glide (TM) USB Flash Drive,,SANDISK,256 GB,altosight.com//4940
"Intenso Rainbow Line - Memoria USB2.0 de 4 GB, color negro",5.98,Intenso,4 GB,altosight.com//5003
SanDisk 8 GB tarjeta de memoria flash SDHC de clase 2 sdsdb-8192-a11: Amazon.es: Informática,20.62,SANDISK,8 GB,altosight.com//5016
"Intenso Speed Line - Memoria USB de 8 GB (USB 3.0, 60 MB/s, con tapa), negro,Intenso,3530460",,Intenso,8 GB,altosight.com//5044
"Sony Micro Vault R-Series - Memoria USB de 32 GB, negro",20.91,SONY,32 GB,altosight.com//5053
"Intenso Basic Line 3503470 - Memoria USB 2.0 (16 GB), color negro y plateado",7.96,Intenso,16 GB,altosight.com//5055
"Sony SF8U - Tarjeta de Memoria SDHC de 8 GB (Clase 4, 40 MB/s, UHS-I),Sony,CAN985",12.38,SONY,8 GB,altosight.com//5057
"Kingston DataTraveler 101 Generación 2 (G2) - Memoria USB de 32 GB, morado, paquete abrefácil: Amazon.es: Informática",25.08,Kingston,32 GB,altosight.com//5101
Toshiba SD-XPRO32UHS2 - Tarjeta de memoria de 32 GB,112.91,TOSHIBA,32 GB,altosight.com//5148
"Intenso 3534460 - Memoria USB de 8GB,Intenso,3534460",9.62,Intenso,8 GB,altosight.com//5165
Kingston SDA10/256GB - Tarjeta SD profesional de 256 GB (UHS-I SDHC/SDXC clase 10),79.04,Kingston,256 GB,altosight.com//5179
"Toshiba SD-X64UHS1(6 - Tarjeta de memoria SDXC, UHS de 64 GB, Clase 3",51.81,TOSHIBA,64 GB,altosight.com//5183
"Kingston DataTraveler SE9 G2 - Memoria 8GB USB 3.0, plateado",,Kingston,8 GB,altosight.com//5193
Lexar P20 128GB USB 3.0 JumpDrive - LJDP20-128CRBEU,93.47,LEXAR,128 GB,altosight.com//5196
Lexar JumpDrive S25 32GB USB 3.0 Flash Drive LJDS25-32GABEU (Verde),,LEXAR,32 GB,altosight.com//5198
Lexar P20 32GB USB 3.0 JumpDrive - LJDP20-32GCRBEU,,LEXAR,32 GB,altosight.com//5199
Lexar JumpDrive S25 16GB USB 3.0 Flash Drive LJDS25-16GABEU (Teal),11.73,LEXAR,16 GB,altosight.com//5200
"PNY FD8GBATT4-EF - Memoria USB 2.0 de 8 GB, color negro",11.86,PNY,8 GB,altosight.com//5201
"Lexar JumpDrive V30 - Memoria USB 2.0 de 16 GB, azul",6.99,LEXAR,16 GB,altosight.com//5204
"Lexar LSD8GBBBEU300 - Tarjeta de memoria SD Premium de 8 GB (con hasta 45 MB/s, Clase 10, velocidad de 300x)",11.9,LEXAR,8 GB,altosight.com//5216
"Toshiba 32 GB Exceria PRO 32GB SDHC UHS Clase 3 memoria flash - Tarjeta de memoria (32 GB, SDHC, Clase 3, 260 MB/s, 240 MB/s, UHS)",76.67,TOSHIBA,32 GB,altosight.com//5224
"Toshiba 64GB Exceria PRO 64GB SDHC UHS Clase 3 memoria flash - Tarjeta de memoria (64 GB, SDHC, Clase 3, 260 MB/s, 240 MB/s, UHS)",147.9,TOSHIBA,64 GB,altosight.com//5225
"Kingston SDA3/128GB - Tarjeta de memoria SDHC/SDXC UHS-I U3, 128 GB velocidades 90R/80W",64.45,Kingston,128 GB,altosight.com//5237
Lexar LXQD32GCRBEU1400 - Tarjeta de memoria de 32 GB,,LEXAR,32 GB,altosight.com//5257
"Transcend 64GB SDXC UHS-II U3 64GB SDXC UHS-II Clase 10 memoria flash - Tarjeta de memoria (64 GB, SDXC, Clase 10, 285 MB/s, 180 MB/s, UHS-II)",101.19,Transcend,64 GB,altosight.com//5312
"Toshiba 128GB SDXC 128GB SDXC UHS Clase 3 memoria flash - Tarjeta de memoria (128 GB, SDXC, Clase 3, 260 MB/s, 150 MB/s, UHS)",,TOSHIBA,128 GB,altosight.com//5313
Kingston SDC10G2/8GB - Tarjeta microSD de 8GB (clase 10 UHS-I 45MB/s) con adaptador SD,,Kingston,8 GB,altosight.com//5314
Tarjeta de memoria SDXC SanDisk Ultra Plus Clase 10 16 gb,18.59,SANDISK,16 GB,altosight.com//5325
"Sandisk UFM 32GB USB CRUZER GLIDE 3.0 32GB USB 3.0 (3.1 Gen 1) Conector USB Tipo A Negro, Rojo unidad flash USB - Memoria USB (32 GB, 3.0 (3.1 Gen 1), Conector USB Tipo A, Deslizar, Negro, Rojo): Amazon.es: Informática",17.97,SANDISK,32 GB,altosight.com//5329
"Toshiba THN-M401S0160E2 Exceria Pro M401 Tarjeta MicroSD de 16GB, Blanco",12.99,TOSHIBA,16 GB,altosight.com//5335
SanDisk Cruzer Glide - Memoria USB de 256 GB con USB 2.0,96.01,SANDISK,256 GB,altosight.com//5341
"Toshiba EXCERIA PRO - N401 128GB SDXC UHS-I Clase 3 memoria flash - Tarjeta de memoria (SDXC, UHS-I, Clase 3, Negro, A prueba de rayos X, ISO 7816-1)",67.0,TOSHIBA,128 GB,altosight.com//5349
"Kingston SDCIT/8GB - Tarjeta de memoria microSDHC de 8 GB (UHS-I, Clase 10, temperatura industrial): Kingston: Amazon.es: Informática",14.21,Kingston,8 GB,altosight.com//5358
"Toshiba EXCERIA PRO - N401 32GB SDHC UHS-I Clase 3 memoria flash - Tarjeta de memoria (SDHC, UHS-I, Clase 3, Negro, A prueba de rayos X, ISO 7816-1)",,TOSHIBA,32 GB,altosight.com//5370
"Sandisk,Sandisk,SanDisk Unidad flash - Memoria flash USB doble SanDisk Ultra de 64 GB con USB 3.1 Type-C,SanDisk,SDDDC2-064G-G46",31.51,SANDISK,64 GB,altosight.com//5371
"Toshiba EXCERIA N302 N302 SDXC 128GB 128GB SDXC UHS-I Clase 10 memoria flash - Tarjeta de memoria (128 GB, SDXC, Clase 10, 90 MB/s, UHS-I, 24 mm)",,TOSHIBA,128 GB,altosight.com//5400
"Sony SRG1UXA 128GB MicroSDXC UHS-I Clase 10 memoria flash - Tarjeta de memoria (128 GB, MicroSDXC, Clase 10, UHS-I, 95 MB/s, Negro): Amazon.es: Informática",175.05,SONY,128 GB,altosight.com//5435
"Sandisk Cruzer Glide 256GB USB 2.0 Tipo A Negro, Rojo unidad flash USB - Memoria USB (256 GB, USB 2.0, Tipo A, Deslizar, Negro, Rojo, 0 - 45 °C)",,SANDISK,256 GB,altosight.com//5449
"Intenso Basic Line 3503470 - Memoria USB 2.0 (16 GB), color negro y plateado",7.96,Intenso,16 GB,altosight.com//5526
"Kingston SDA3/128GB - Tarjeta de memoria SDHC/SDXC UHS-I U3, 128 GB velocidades 90R/80W",54.05,Kingston,16 GB,altosight.com//5535
"Lexar 8GB JumpDrive V10 4GB USB 2.0 Tipo A Azul unidad flash USB - Memoria USB (4 GB, USB 2.0, Tipo A, Azul, Win, Mac)",18.8,LEXAR,8 GB,altosight.com//5550
"Lexar JumpDrive V30 - Memoria USB 2.0 de 32 GB, verde",10.35,LEXAR,32 GB,altosight.com//5554
"Lexar LSD8GBBBEU300 - Tarjeta de memoria SD Premium de 8 GB (con hasta 45 MB/s, Clase 10, velocidad de 300x)",11.9,LEXAR,8 GB,altosight.com//5562
Lexar P20 128GB USB 3.0 JumpDrive - LJDP20-128CRBEU,108.9,LEXAR,128 GB,altosight.com//5568
Lexar P20 32GB USB 3.0 JumpDrive - LJDP20-32GCRBEU,37.64,LEXAR,32 GB,altosight.com//5569
"Sony SF8U - Tarjeta de memoria SDHC de 8 GB (Clase 4, 40 MB/s, UHS-I), color negro",16.5,SONY,8 GB,altosight.com//5633
"Toshiba EXCERIA N302 N302 SDXC 128GB 128GB SDXC UHS-I Clase 10 memoria flash - Tarjeta de memoria (128 GB, SDXC, Clase 10, 90 MB/s, UHS-I, 24 mm)",45.31,TOSHIBA,128 GB,altosight.com//5658
"Toshiba EXCERIA PRO - N401 128GB SDXC UHS-I Clase 3 memoria flash - Tarjeta de memoria (SDXC, UHS-I, Clase 3, Negro, A prueba de rayos X, ISO 7816-1)",66.99,TOSHIBA,128 GB,altosight.com//5662
Toshiba SD-CX32UHS1 (6 A Micro SD 32 GB MB tarjeta de memoria,44.51,TOSHIBA,32 GB,altosight.com//5665
"Toshiba THNV128OSUS(BL8 - Memoria USB de 128 GB, plateado",98.64,TOSHIBA,128 GB,altosight.com//5666
"Toshiba THNV128OSUSIL(8 - Memoria USB 3.0 de 128 GB, color plata",65.76,TOSHIBA,128 GB,altosight.com//5667
"Toshiba THNV32OSUSIL(8 - Memoria USB 3.0 de 32 GB, color plata",24.52,TOSHIBA,32 GB,altosight.com//5668
"Carte mémoire SDXC SanDisk Ultra PLUS 64 Go, Classe 10",37.99,SANDISK,64 GB,altosight.com//5690
"Carte mémoire SDXC SanDisk Ultra PLUS 64 Go, Classe 10",37.99,SANDISK,64 GB,altosight.com//5691
"Carte mémoire SDXC SanDisk Ultra PLUS 64 Go, Classe 10",37.99,SANDISK,64 GB,altosight.com//5692
"Carte mémoire SDXC SanDisk Ultra PLUS 64 Go, Classe 10",37.99,SANDISK,64 GB,altosight.com//5693
Kingston Carte SD Standard SD4/4GB SDHC Classe 4 - 4Go,,Kingston,4 GB,altosight.com//5696
"Sony USM32GR Noir Clé USB 32Go,Sony,558J683,Clé USB",28.79,SONY,32 GB,altosight.com//5729
Sony SF8U Carte mémoire SDHC,12.83,SONY,8 GB,altosight.com//5730
Lexar JumpDrive S70 16Go USB 2.0 Gris - LJDS70-16GABEU,12.99,LEXAR,16 GB,altosight.com//5738
Kingston Carte SD Professionnelles SDA10/16GB UHS-I SDHC/SDXC Classe 10 - 16Go,13.91,Kingston,16 GB,altosight.com//5746
Kingston DataTraveler 101 Generation 2 (G2) Clé USB 32 Go Mauve - Emballage &quot;déballer sans s'énerver&quot;,21.86,Kingston,32 GB,altosight.com//5751
"Sony USM32GQX Noir,Sony - Rme New Média,USM32GQX/B",51.5,SONY,32 GB,altosight.com//5757
Kingston Carte SD Professionnelles SDA10/256GB UHS-I SDHC/SDXC Classe 10 - 256Go,117.68,Kingston,256 GB,altosight.com//5798
Toshiba SD-CX64UHS1(6 Micro Secure Digital Extended Capacity (MicroSDXC),51.51,TOSHIBA,64 GB,altosight.com//5801
Lexar P20 128Go USB 3.0 JumpDrive - LJDP20-128CRBEU,87.85,LEXAR,128 GB,altosight.com//5806
Lexar LJDS25-64GABEU JumpDrive S25 64Go USB 3.0 Flash Drive Violet,32.17,LEXAR,64 GB,altosight.com//5807
Lexar LJDS25-32GABEU JumpDrive S25 32Go USB 3.0 Flash Drive vert,20.29,LEXAR,32 GB,altosight.com//5809
Lexar P20 32Go USB 3.0 JumpDrive - LJDP20-32GCRBEU,46.02,LEXAR,32 GB,altosight.com//5811
Lexar LJDS25-16GABEU JumpDrive S25 16Go USB 3.0 Flash Drive Bleu sarcelle,11.9,LEXAR,16 GB,altosight.com//5812
"PNY Clé USB 2.0 Attaché 4 Standard 8 Go - Noir,PNY,FD8GBATT4-EF,clé usb 8 go,clé usb 8 go fantaisie,clé usb 8 go originale,clé usb 8 go pas cher,clé usb 8 go verbatim,clé usb 8 go sandisk,clé usb 8 go kingston,clé usb 8 go lexar,clé usb 8 go emtec,clé usb 8 go légo,légo,clef usb 8 go,clef usb 8 go fantaisie,clef usb 8 go originale,clef usb 8 go sandisk,clef usb 8 go verbatim,clef usb 8 go kingston,clef usb 8 go emtec,clé usb 3.0,clé usb 3.0 8 go,clef usb 3.0 8 go,clef usb 8 go 3.0,clé usb 8 go 3.0,clé usb 2.0,clé usb 2.0 8 go,cle usb,cle usb utilisation,clè usb,clès usb,cle usb windows,cléf usb,cles usb 8go,clefs usb,clé usb 8go,clé usb sandisk,clée usb,clé usb pas chère,clé usb emetec,clé usb 8 go,clé usb 8gb,usb,usb 2.0,clé usb corsair,usb key,cle usb pas cheres,clé usb pny,clé usb 8 giga,clé usb transcend,clé usb retractable,memory stick,stockage usb,cléusb,cle usb 8 g,sandisk extreme,clef usb pas cher,clé usb 8g,usb clé,meilleur clé usb,sandisk ultra,clé usb 8 go pas cher,emtec clé usb,clé usb windows 7,sandisk cruzer blade,usb flash,mémoire flash usb,clé usb 2.0,clé usb go,flash disk,sandisk cruzer fit,verbatim clé usb,meilleure clé usb,clé usb intégral,clé usb stockage,clé usb ultra rapide,clé usb 8,stockage clé usb,clé pc,pny clé usb,usb 8go,usb clef,pny usb,clé usb 8gb,clé usb emtec 8go,clé usb toshiba,clé usb 8 go,clé usb 8 go,clé usb flash drive,usb sandisk,sandisk usb,sandisk clé usb,clé de 8,clef usb 8go,clé usb petite capacité,usb 8 go",7.78,PNY,8 GB,altosight.com//5813
"Kingston Carte SDA3/128GB SDHC/SDXC UHS-I U3, 128 GB Vitesses 90R/80W",73.71,Kingston,128 GB,altosight.com//5821
Lexar LJDC20c-128BBEU Clé USB 3.0 128 Go,,LEXAR,128 GB,altosight.com//5844
Lexar LJDC20m-128BBEUK Clé USB 3.0 128 Go,65.27,LEXAR,128 GB,altosight.com//5848
"Carte Mémoire microSDHC SanDisk Ultra Plus 128 Go, Classe 10, Vitesse de Lecture Allant jusqu'à 80 Mo/s + Adaptateur SD",74.99,SANDISK,128 GB,altosight.com//5865
"Carte mémoire SDXC SanDisk Ultra PLUS 64 Go, Classe 10,SanDisk,SDSDUSC-064G-GN6IN",44.99,SANDISK,64 GB,altosight.com//5871
Toshiba Transmemory U302 8 Go USB 3.0 Noir,12.32,TOSHIBA,8 GB,altosight.com//5873
"Sony USM16CA1 Clé USB 3.1 16 Go Argent,Sony,MVT608,Clé USB",22.99,SONY,16 GB,altosight.com//5883
Kingston Carte MicroSD Action Camera UHS-I U3 pour GoPro & Drones - SDCAC/16Go avec Adaptateur SD,,Kingston,16 GB,altosight.com//5890
PNY P-FD32GOTGSLMB-GE Clé USB OTG Micro 32 Go,16.49,PNY,32 GB,altosight.com//5923
"PNY Technologies fd128att430-ef Attache 3.0 4 - Mémoire USB,PNY,FD128ATT4-EF",12.64,PNY,128 GB,altosight.com//5942
"Sandisk Cruzer Glide 256Go USB 2.0 Type A Noir, Rouge lecteur USB flash - lecteurs USB flash (256 Go, USB 2.0, Type A, Slide, Noir, Rouge, 0 - 45 °C)",,SANDISK,256 GB,altosight.com//5943
"Carte Mémoire microSDHC SanDisk Ultra Plus 32 Go, Classe 10, Vitesse de Lecture Allant jusqu'à 80 Mo/s + Adaptateur SD",19.99,SANDISK,32 GB,altosight.com//6021
"Carte Mémoire microSDHC SanDisk Ultra Plus 32 Go, Classe 10, Vitesse de Lecture Allant jusqu'à 80 Mo/s + Adaptateur SD",19.99,SANDISK,32 GB,altosight.com//6022
"Carte Mémoire microSDHC SanDisk Ultra Plus 64 Go, Classe 10, Vitesse de Lecture Allant jusqu'à 80 Mo/s + Adaptateur SD",37.99,SANDISK,64 GB,altosight.com//6023
"Carte Mémoire microSDHC SanDisk Ultra Plus 64 Go, Classe 10, Vitesse de Lecture Allant jusqu'à 80 Mo/s + Adaptateur SD",37.99,SANDISK,64 GB,altosight.com//6024
"Carte Mémoire microSDHC SanDisk Ultra Plus 128 Go, Classe 10, Vitesse de Lecture Allant jusqu'à 80 Mo/s + Adaptateur SD",74.99,SANDISK,128 GB,altosight.com//6025
"Carte Mémoire microSDHC SanDisk Ultra Plus 128 Go, Classe 10, Vitesse de Lecture Allant jusqu'à 80 Mo/s + Adaptateur SD",74.99,SANDISK,128 GB,altosight.com//6026
"SanDisk Scheda di Memoria SDHC 8 GB, Classe 4",,SANDISK,8 GB,altosight.com//6139
"Intenso INT-3502450 Memory Stick Rainbow Line USB, 4 GB, Blu",,Intenso,4 GB,altosight.com//6141
SanDisk Scheda di Memoria MicroSDHC I 4 GB Classe 4,,SANDISK,4 GB,altosight.com//6145
SanDisk Scheda di Memoria MicroSDHC 4 GB Classe 4 con Adattatore SD,,SANDISK,4 GB,altosight.com//6150
Kingston Data Traveler 101 G2 Chiavetta USB Flash Drive 16 GB,,Kingston,16 GB,altosight.com//6158
Kingston DT101G2 Datatraveler Memoria USB portatile 32768 MB,,Kingston,32 GB,altosight.com//6159
Sony USM4GR Micro Vault Memoria USB portatile 4096 MB,,SONY,4 GB,altosight.com//6178
"Sony SF8U Scheda SD HC, UHS-I, Classe 10, 8 GB, Nero",,SONY,8 GB,altosight.com//6180
"Toshiba Pendrive USB High-Speed, 8 GB, Bianco",,TOSHIBA,8 GB,altosight.com//6198
"Lexar LJDS70-16GABEU JumpDrive S70 Chiavetta USB 2.0, 16 GB, Grigio",11.99,LEXAR,16 GB,altosight.com//6211
"SanDisk 8&nbsp;GB Secure Digital High Capacity (SDHC)&nbsp;-&nbsp;Class 4,SanDisk,SDIDSDB008GA46",15.92,SANDISK,8 GB,altosight.com//6221
Kingston Scheda SD Professionale SDA10/16GB UHS-I SDHC/SDXC di Classe 10 - 16GB,14.39,Kingston,16 GB,altosight.com//6225
"Sony USM32GQX Memoria USB 3.0, Capacità 32 GB, Velocità Massima di Lettura 226 MB/s, Nero,Sony,USM32GQX/B,Vergini,226MB/s,32GB,MemoriaUSB,nera,sony",52.34,SONY,32 GB,altosight.com//6240
"Sony USM128GQX Memoria USB 3.0, Capacità 128 GB, Velocità Massima di Lettura 226 MB/s, Nero,Sony,558M462,Vergini,128GB,226MB/s,MemoriaUSB,nera,sony",82.53,SONY,128 GB,altosight.com//6243
"Kingston DTIG4/64GB DataTraveler Memoria Flash, USB 3.0, 64 GB, Bianco/Viola",,Kingston,64 GB,altosight.com//6247
"Toshiba Scheda di Memoria SDHC 32 GB, EXCeria Pro, 260 Mb/s, UHS-Ii, U1",111.82,TOSHIBA,32 GB,altosight.com//6266
"Intenso Premium Line 8GB USB 3.0 8GB USB 3.0 (3.1 Gen 1) Type-A Silver USB flash drive - USB flash drives (8 GB, USB 3.0 (3.1 Gen 1), Type-A, 35 MB/s, 20 MB/s, Windows 7 Home Basic,Windows 8,Windows 8.1,Windows Vista Home Basic,Windows XP Home)",11.99,Intenso,8 GB,altosight.com//6280
Kingston Scheda SD Professionale SDA10/256GB UHS-I SDHC/SDXC di Classe 10 - 256GB,130.99,Kingston,256 GB,altosight.com//6298
"Toshiba Scheda di Memoria MicroSDXC, 64GB - Exceria - 95MB/s - UHS-I - U3",49.0,TOSHIBA,64 GB,altosight.com//6302
"Toshiba Scheda di Memoria MicroSDHC, 32GB - Exceria - 95MB/s - UHS-I - U3",31.49,TOSHIBA,32 GB,altosight.com//6304
"Toshiba Scheda di Memoria SDHC 16 GB, EXCeria, 95 Mb/s, UHS-I, U3, Nero/Argento",,TOSHIBA,16 GB,altosight.com//6305
"Toshiba Scheda di Memoria SDXC 64 GB, EXCeria, 95 Mb/s, UHS-I, U3, Nero/Argento",53.32,TOSHIBA,64 GB,altosight.com//6306
"Kingston DataTraveler SE9 G2 - chiavetta 8GB USB 3.0, grigia",,Kingston,8 GB,altosight.com//6311
Lexar P20 128Go USB 3.0 JumpDrive - LJDP20-128CRBEU,99.0,LEXAR,128 GB,altosight.com//6314
Lexar JumpDrive S25 64GB USB 3.0 Flash Drive LJDS25-64GABEU (Viola),21.37,LEXAR,64 GB,altosight.com//6315
Lexar JumpDrive S25 32GB USB 3.0 Flash Drive LJDS25-32GABEU (Verde),13.11,LEXAR,32 GB,altosight.com//6317
"Lexar P20 32Go USB 3.0 JumpDrive - LJDP20-32GCRBEU,LEXAR MEDIA INC,LJDP20-32GCRBEU,drive,flash,lexar,usb",42.91,LEXAR,32 GB,altosight.com//6319
Lexar JumpDrive S25 16GB USB 3.0 Flash Drive LJDS25-16GABEU (Teal),10.01,LEXAR,16 GB,altosight.com//6320
Lexar Premium II 300X 8GB SDHC U1 Scheda di memoria - LSD8GBBBEU300,10.99,LEXAR,8 GB,altosight.com//6336
"Toshiba 32 GB Exceria PRO 32GB SDHC UHS Class 3 memory card - memory cards (32 GB, SDHC, Class 3, 260 MB/s, 240 MB/s, UHS)",76.67,TOSHIBA,32 GB,altosight.com//6349
"Toshiba 64GB Exceria PRO 64GB SDHC UHS Class 3 memory card - memory cards (64 GB, SDHC, Class 3, 260 MB/s, 240 MB/s, UHS)",151.5,TOSHIBA,64 GB,altosight.com//6350
"Toshiba scheda di memoria microSDHC 32 GB, Exceria, 95MB/s - UHS-I - U3 + adattatore",34.9,TOSHIBA,32 GB,altosight.com//6353
"Kingston Scheda di Memoria SDA3/128GB SDHC/SDXC UHS-I U3, 128 GB, Nero",61.99,Kingston,128 GB,altosight.com//6361
Scheda Lexar Professional 32GB 1400x XQD 2.0 - LXQD32GCRBEU1400,,LEXAR,32 GB,altosight.com//6380
"Lexar JumpDrive C20m Unità Flash MicroUSB, 128 GB",58.05,LEXAR,128 GB,altosight.com//6394
Toshiba THN-U202L0080E4 Memoria USB portatile,,TOSHIBA,8 GB,altosight.com//6431
"Toshiba THN-U202W0080E4 Penna Flash da 8GB, USB 2.0, Bianco",,TOSHIBA,8 GB,altosight.com//6432
"Scheda memoria microSDHC SanDisk Ultra Plus, classe 10, Velocità di lettura fino a 80&nbsp;MB/s + adattatore SD 128 Gb,SanDisk,SDSQUSC-128G-GN6MA",90.65,SANDISK,128 GB,altosight.com//6438
"Toshiba 128GB SDXC 128GB SDXC UHS Class 3 memory card - memory cards (128 GB, SDXC, Class 3, 260 MB/s, 150 MB/s, UHS)",,TOSHIBA,128 GB,altosight.com//6439
"Kingston HXS3/512GB HyperX Savage Memoria Flash, USB 3.0, 512 GB, Lettura 350 MB/s, Scrittura 250 MB/s, Nero/Rosso",232.89,Kingston,512 GB,altosight.com//6452
"Toshiba THN-M401S0160E2 16GB MicroSD NAND Class 10 memory card - memory cards (16 GB, MicroSD, Class 10, 95 MB/s, 80 MB/s, NAND)",24.99,TOSHIBA,16 GB,altosight.com//6453
SanDisk Cruzer Glide Chiavetta USB 2.0 256 GB,108.99,SANDISK,256 GB,altosight.com//6459
"Toshiba EXCERIA PRO - N401 128GB SDXC UHS-I Class 3 memory card - memory cards (128 GB, SDXC, Class 3, 95 MB/s, 75 MB/s, UHS-I)",66.99,TOSHIBA,128 GB,altosight.com//6467
"Toshiba EXCERIA PRO - N401 32GB SDHC UHS-I Class 3 memory card - memory cards (32 GB, SDHC, Class 3, 95 MB/s, 75 MB/s, UHS-I)",,TOSHIBA,32 GB,altosight.com//6479
"Toshiba EXCERIA PRO - N401 64GB SDXC UHS-I Class 3 memory card - memory cards (64 GB, SDXC, Class 3, 95 MB/s, 75 MB/s, UHS-I)",,TOSHIBA,64 GB,altosight.com//6480
"Toshiba Scheda di Memoria SDXC 128GB, Exceria, 90MB/s, Classe 10, U3",,TOSHIBA,128 GB,altosight.com//6507
"PNY Attaché 4 2.0 128GB 128GB USB 2.0 USB Type-A connector Black USB flash drive - USB Flash Drives (128 GB, 2.0, USB Type-A connector, 25 MB/s, Slide, Black),PNY,FD128ATT4-EF",39.0,PNY,128 GB,altosight.com//6529
Sandisk SDCZ880-256G-G46 Cruzer Extreme Memoria USB portatile,182.06,SANDISK,256 GB,altosight.com//6534
64GB SDHC UHS-II Card,117.0,Transcend,64 GB,altosight.com//6599
8GB Micro SDHC Class 10 UHS-I 45MB/s Read Card + SD Adapter,11.25,Kingston,8 GB,altosight.com//6600
8GB Micro SDHC Class 10 UHS-I 45R Flash Card Single Pack w/o Adapter,11.99,Kingston,8 GB,altosight.com//6601
Kingston SD kaart UHS-I 128GB,66.5,Kingston,128 GB,altosight.com//6616
Kingston SDXC Class 10 UHS-I 256GB 256GB SDXC Flash Class 10,111.0,Kingston,256 GB,altosight.com//6617
Kingston Secure Digital Card High-Capacity 4GB  (Retail),7.99,Kingston,4 GB,altosight.com//6619
SDCA3/16GB 16GB Micro SDHC UHS-I speed class 3 (U3) 90R/80W,24.9,Kingston,16 GB,altosight.com//6673
SDCA3/16GBSP 16GB Micro SDHC UHS-I speedclass 3 Single Pack w/o Adapter,24.9,Kingston,16 GB,altosight.com//6674
SONY MICRO SD SERIE UX 128GB R95/W70 CL 10 EXPERT,,SONY,128 GB,altosight.com//7264
SONY SD SERIE N 8GB R15 ESSENTIAL CL 4,14.9,SONY,8 GB,altosight.com//7300
SONY SD SERIE U 8GB R90 CL 10 PERFORMANCE,16.9,SONY,8 GB,altosight.com//7302
LEXAR CLE USB JUMPDRIVE S25 16GB BLEUE,14.9,LEXAR,16 GB,altosight.com//7324
LEXAR CLE USB JUMPDRIVE S70 16GB GRISE,10.9,LEXAR,16 GB,altosight.com//7325
LEXAR CLE USB JUMPDRIVE S70 16GB,10.9,LEXAR,16 GB,altosight.com//7326
LEXAR CLE USB JUMPDRIVE V30 16GB TURQUOISE,10.9,LEXAR,16 GB,altosight.com//7330
LEXAR CLE USB JUMPDRIVE V30 32GB VERTE,18.9,LEXAR,32 GB,altosight.com//7331
SONY CLE USB 2.0 SERIE GM 64GB STYLISH BLANCHE,63.9,SONY,64 GB,altosight.com//7371
SONY MICRO SD SERIE UX 128GB R95/W70 CL 10 EXPERT,,SONY,128 GB,altosight.com//7379
SONY SD SERIE U 8GB R90 CL 10 PERFORMANCE,16.9,SONY,8 GB,altosight.com//7391
Memoria Usb Pendrive Kingston Datattraveller 101g2 16 Pte,11.58,Kingston,16 GB,altosight.com//7423
Memoria USB PNY Attache 128GB,33.65,PNY,128 GB,altosight.com//7424
Pen Drive Kingston Dt101g2/32gb Hi-speed Usb 2.0 (25),13.8,Kingston,32 GB,altosight.com//7434
Pendrive 16gb Usb2.0 Intenso Basic Line Negro,6.1,Intenso,16 GB,altosight.com//7440
Pendrive 4gb Usb2.0 Intenso Rainbow Negro,6.14,Intenso,4 GB,altosight.com//7451
Pendrive 512gb Usb 3.0/3.1 Kingston Hyperx Savage,259.1,Kingston,512 GB,altosight.com//7452
SANDISK Extreme Plus Class 10 SD Memory Card - 128 GB,69.99,SANDISK,128 GB,altosight.com//7535
SANDISK Ultra Performance Class 10 microSD Memory Card - 128 GB,69.99,SANDISK,128 GB,altosight.com//7548
SANDISK Ultra Performance Class 10 microSD Memory Card - 32 GB,29.99,SANDISK,32 GB,altosight.com//7550
SANDISK Ultra Performance Class 10 microSD Memory Card - 64 GB,39.99,SANDISK,64 GB,altosight.com//7551
SANDISK Ultra Performance Class 10 microSDHC Memory Card - 32 GB,29.99,SANDISK,32 GB,altosight.com//7553
SANDISK Ultra Performance Class 10 microSDXC Memory Card - 128 GB,69.99,SANDISK,128 GB,altosight.com//7554
SANDISK Ultra Performance Class 10 microSDXC Memory Card - 64 GB,39.99,SANDISK,64 GB,altosight.com//7555
SANDISK Ultra Plus Class 10 SD Memory Card - 16 GB,19.99,SANDISK,16 GB,altosight.com//7557
SANDISK Ultra Plus Class 10 SD Memory Card - 32 GB,29.99,SANDISK,32 GB,altosight.com//7558
SANDISK Ultra Plus Class 10 SD Memory Card - 64 GB,39.99,SANDISK,64 GB,altosight.com//7559
SANDISK Ultra Plus Class 10 SDHC Memory Card - 16 GB,19.99,SANDISK,16 GB,altosight.com//7560
SANDISK Ultra Plus Class 10 SDHC Memory Card - 32 GB,29.99,SANDISK,32 GB,altosight.com//7561
SANDISK Ultra Plus Class 10 SDXC Memory Card - 64 GB,39.99,SANDISK,64 GB,altosight.com//7563
"PNY Attache 4 USB 2.0 Memory Stick - 128 GB, Black",23.99,PNY,128 GB,altosight.com//7564
Karta pami?ci Sandisk microSDHC 16 GB EXTREME PRO 95MB/s C10 UHS-I + adapter SD,103.0,SANDISK,16 GB,altosight.com//7599
Karta pami?ci Sony microSDHC 8 GB C4 + adapter,49.0,SONY,8 GB,altosight.com//7689
"Karta pami?ci SDHC (Secure Digital High Capacity) gwarantuj?ca minimaln? szybko?? transferu 4 MB/s, kompatybilna tylko z urz?dzeniami obs?uguj?cymi standard SDHC. Obj?ta wieczyst? gwarancj?.",,Kingston,4 GB,altosight.com//7694
Carte SD Lexar PREMIUM SERIES SDHC 8 Go - SD 300X 8GB (4116020),7.9,LEXAR,8 GB,altosight.com//7717
Clé USB Lexar JUMPDRIVE S25 16GB - LJDS25-16GABEU (4110277),9.9,LEXAR,16 GB,altosight.com//7764
Clé USB Lexar JUMPDRIVE S25 32GB (4110331),16.9,LEXAR,32 GB,altosight.com//7765
Clé USB Lexar JUMPDRIVE S25 64GB (4110315),34.9,LEXAR,64 GB,altosight.com//7766
Clé USB Lexar P20 USB 3.0 128 GO (4187407),90.11,LEXAR,128 GB,altosight.com//7767
Clé USB Lexar P20 USB 3.0 32 GO (4187369),36.07,LEXAR,32 GB,altosight.com//7768
Clé USB Sandisk Cruzer Extreme CZ80 16 Go USB 3.0 - CZ80 16G EXTR USB3 N (1396994),40.48,SANDISK,16 GB,altosight.com//7775
Clé USB Sandisk DUAL TYPE C 16GB - usb c (4247892),19.49,SANDISK,16 GB,altosight.com//7785
Clé USB Sandisk DUAL TYPE C 64GB (4247906),44.9,SANDISK,64 GB,altosight.com//7787
Clé USB Sandisk GLIDE 128 GB 3.0 (4194551),64.9,SANDISK,128 GB,altosight.com//7788
Clé USB Sandisk GLIDE 32 GB 3.0 (4194527),19.9,SANDISK,32 GB,altosight.com//7790
Clé USB Sony Clé OTG 16Go USM16CA1 type C et USB 3.1 (4190041),29.99,SONY,16 GB,altosight.com//7796
Disque dur externe Sony DD2.5 1TB COMPACT NOIR,109.9,SONY,1 TB,altosight.com//7813
Disque dur externe Sony HD-SL 1 To - HD-SL 1 SEU 1 To,109.9,SONY,1 TB,altosight.com//7814
Disque dur SSD Sony Sony SSD externe 256 Go,159.9,SONY,256 GB,altosight.com//7815
Clé USB Intenso Cl&amp;eacute; USB 16GB Intenso Basic Line - Sous blister (MK48541586),12.19,Intenso,16 GB,altosight.com//7824
Clé USB Intenso Cl&amp;eacute; USB 4GB INTENSO Rainbow Line - Sous Blister (MK483972804),8.05,Intenso,4 GB,altosight.com//7837
Clé USB Intenso Cl&amp;eacute; USB 64GB Intenso FlashDrive Premium Line 3.0 - blister aluminium (MK935883101),40.42,Intenso,64 GB,altosight.com//7840
Clé USB Intenso Cl&amp;eacute; USB 8GB Intenso FlashDrive Premium Line 3.0 - blister aluminium (MK935883071),11.15,Intenso,8 GB,altosight.com//7847
Clé USB Kingston Cl&amp;eacute; USB 16GB Kingston DT101 G2 - Sous Blister (MK483703403),13.99,Kingston,16 GB,altosight.com//7854
Clé USB Kingston Cl&amp;eacute; USB 32GB Kingston DT101 G2 - Sous blister (MK935278601),28.36,Kingston,32 GB,altosight.com//7855
Clé USB Kingston Kingston Clé USB 16 Go Datatraveler G2 101 (MK1574653819),14.71,Kingston,16 GB,altosight.com//7858
Clé USB Lexar 16GB JumpDrive V30 16Go USB 2.0 Type A Blanc lecteur USB flash (MK1289619889),12.94,LEXAR,16 GB,altosight.com//7873
"Clé USB Lexar 32GB JumpDrive V30 32Go USB 2.0 Type A Vert, Blanc lecteur USB flash (MK1344856649)",19.87,LEXAR,32 GB,altosight.com//7875
Clé USB Lexar Cl&amp;eacute; usb lexar jumpdrive v30 (MK362822542),8.53,LEXAR,16 GB,altosight.com//7876
"Clé USB Lexar JumpDrive C20c 128GB 128GB USB 3.0 (3.1 Gen 1) Type-A/Type-C Noir, Argent lecteur USB flash (MK1008030400)",72.51,LEXAR,128 GB,altosight.com//7877
"Clé USB Lexar JumpDrive C20m 128GB 128GB USB 3.0 (3.1 Gen 1) Type-A Noir, Argent lecteur USB flash (MK1902705846)",57.07,LEXAR,128 GB,altosight.com//7880
"Clé USB Lexar JumpDrive C20m 32GB 32GB USB 3.0 (3.1 Gen 1) Type-A/Type-C Noir, Argent lecteur USB flash (MK113845669)",28.17,LEXAR,32 GB,altosight.com//7881
Clé USB Pny Attach? 4 8GB USB 2.0 Noir lecteur USB flash (MK63501284),14.64,PNY,8 GB,altosight.com//7887
Clé USB Toshiba THN-U202W1280E4 128Go USB 2.0 Type A Blanc lecteur USB flash (MK1725168789),46.94,TOSHIBA,128 GB,altosight.com//7918
Disque dur SSD Samsung Samsung disque dur usb3.0 externe t3 1to ssd,334.0,Samsung,1 TB,altosight.com//7934
Carte SD Sandisk Carte EXTREME PRO SDHC 16 Go 280 Mo/s Classe 10 UHS-II U3 (MK935585202),66.06,SANDISK,16 GB,altosight.com//7938
Sandisk MICRO SDHC 4 GO - SDSDQ004GE11M (1198491),,SANDISK,4 GB,altosight.com//7990
Tarjeta de Memoria Lexar SDHC de 8GB Clase 10,7.9,LEXAR,8 GB,altosight.com//8050
Pendrive Lexar JumpDrive S25 USB 3.0 64 GB,23.9,LEXAR,64 GB,altosight.com//8064
Pendrive Lexar JumpDrive C20m USB 3.1 32 GB con cable plata/negro/azul,32.9,LEXAR,32 GB,altosight.com//8080
Pendrive Lexar JumpDrive C20c USB 3.1 128 GB con cable plata/negro/rojo,97.9,LEXAR,128 GB,altosight.com//8082
Memoria USB - Intenso -  8GB USB 3.0 (3.1 Gen 1) Tipo A Plata,9.0,Intenso,8 GB,altosight.com//8124
Memoria USB - Intenso -64GB USB 3.0 (3.1 Gen 1) Tipo A Plata,32.62,Intenso,64 GB,altosight.com//8127
Tarjeta de Memoria - Toshiba - THN-M401S0160E2 16GB MicroSD NAND,11.0,TOSHIBA,16 GB,altosight.com//8189
Sandisk USB-Stick 3.1 Extreme Go USB 3.1 64GB,57.99,SANDISK,64 GB,altosight.com//8225
Intenso USB-Stick 3.0 Premium Line 8GB USB 3.0,9.99,Intenso,8 GB,altosight.com//8260
Intenso USB-Stick 3.0 Premium Line 64GB USB 3.0,34.99,Intenso,64 GB,altosight.com//8263
Kingston microSDHC 16GB UHS-I U3 (SDCAC/16GB) - Pam??ová micro SD karta,236.39,Kingston,16 GB,altosight.com//8278
Kingston USB 512GB HX Savage - USB flash disk,8199.0,Kingston,512 GB,altosight.com//8291
Kingston Data Traveler 101 G2 32 GB fialový - flashdisk,408.0,Kingston,32 GB,altosight.com//8304
Sony Micro Vault OTG CA1 DUO 16GB (USM16CA1) (st?íbrný),729.0,SONY,16 GB,altosight.com//8391
"SanDisk Cruzer Extreme 16 GB USB-minne 3.0 - Minneskort, USB-minne",189.0,SANDISK,16 GB,altosight.com//8405
"SanDisk Extreme PRO microSDHC Minneskort 16 GB - Minneskort, USB-minne",379.0,SANDISK,16 GB,altosight.com//8447
"Toshiba Exceria Pro M401 Micro SDHC kort 16 GB - Minneskort, USB-minne",179.0,TOSHIBA,16 GB,altosight.com//8473
"Toshiba Exceria Pro N401 SDXC kort 128 GB - Minneskort, USB-minne",849.0,TOSHIBA,128 GB,altosight.com//8476
"Toshiba Exceria Pro N401 SDHC kort 32 GB - Minneskort, USB-minne",299.0,TOSHIBA,32 GB,altosight.com//8478
"Toshiba Exceria Pro N401 SDXC kort 64 GB - Minneskort, USB-minne",499.0,TOSHIBA,64 GB,altosight.com//8479
Toshiba Exceria N302 SDXC kort 128 GB - Minneskort till kamera,699.0,TOSHIBA,128 GB,altosight.com//8480
"Toshiba TransMemory U202 flash drive 128 GB (vit) - Minneskort, USB-minne",499.0,TOSHIBA,128 GB,altosight.com//8485
"Sony Slim USB-minne USB-C/USB-A 16 GB - Minneskort, USB-minne",299.0,SONY,16 GB,altosight.com//8491
SanDisk SDHC 8GB Minneskort - Minneskort till kamera,99.0,SANDISK,8 GB,altosight.com//8513
"Toshiba Exceria Pro N401 SDXC kort 128 GB - Minneskort, USB-minne",849.0,TOSHIBA,128 GB,altosight.com//8546
Toshiba Exceria Pro N401 SDHC kort 32 GB - Minneskort till kamera,299.0,TOSHIBA,32 GB,altosight.com//8548
"Toshiba Exceria Pro N401 SDXC kort 64 GB - Minneskort, USB-minne",499.0,TOSHIBA,64 GB,altosight.com//8549
Toshiba Exceria N302 SDXC kort 128 GB - Minneskort till kamera,699.0,TOSHIBA,128 GB,altosight.com//8550
SanDisk Ultra Dual USB-C 3.1 flash drive 64 GB - Diverse mobiltillbehör,349.0,SANDISK,64 GB,altosight.com//8555
SanDisk Extreme PRO microSDHC Minneskort 16 GB - Minneskort till mobil,379.0,SANDISK,16 GB,altosight.com//8573
Sony Expert SR-G1UX2A Micro SDXC minneskort 128 GB - Minneskort till mobil,1899.0,SONY,128 GB,altosight.com//8585
"Toshiba Exceria Pro M401 Micro SDHC kort 16 GB - Minneskort, USB-minne",179.0,TOSHIBA,16 GB,altosight.com//8591
Kingston SDHC Class 10 UHS-I 16GB,24.99,Kingston,16 GB,altosight.com//8611
Kingston SDXC 128GB Class 10 UHS\-I U3,219.0,Kingston,128 GB,altosight.com//8616
Samsung microSD EVO Plus 16GB,44.99,Samsung,16 GB,altosight.com//8623
Kingston Data Traveler 101 Gen2 32GB USB 2.0 (czerwony),59.99,Kingston,32 GB,altosight.com//8712
Kingston Data Traveler I G4 64GB USB 3.0,89.99,Kingston,64 GB,altosight.com//8718
Kingston DataTraveler 101 Gen2 16GB (czarny),29.99,Kingston,16 GB,altosight.com//8721
Kingston HyperX Savage 512GB USB 3.0,859.0,Kingston,512 GB,altosight.com//8731
PNY Attache 4 8GB USB 2.0 (czarny),29.99,PNY,8 GB,altosight.com//8736
Pam??ová karta Kingston MicroSDHC 8GB UHS-I U1 (45R/10W) + adapter,197.0,Kingston,8 GB,altosight.com//8812
Pam??ová karta Kingston SDHC 16GB UHS-I U1 (90R/45W),399.0,Kingston,16 GB,altosight.com//8823
Pam??ová karta Kingston SDXC 128GB UHS-I U3 (90R/80W),1499.0,Kingston,128 GB,altosight.com//8831
Pam??ová karta Kingston SDXC 256GB UHS-I U1 (90R/45W),2599.0,Kingston,256 GB,altosight.com//8832
Pam??ová karta Samsung Micro SDXC PRO+ 128GB UHS-I U3 (95R/90W) + adapter,1997.0,Samsung,128 GB,altosight.com//8843
USB Flash Kingston DataTraveler G4 64GB fialový,1227.0,Kingston,64 GB,altosight.com//8898
USB Flash Kingston DataTraveler SE9 G2 8GB kovový,247.0,Kingston,8 GB,altosight.com//8919
USB Flash Kingston HyperX Savage 512GB ?erný/?ervený,6179.0,Kingston,512 GB,altosight.com//8920
USB Flash Kingston HyperX Savage 512GB USB 3.1 ?erný/?ervený,6210.0,Kingston,512 GB,altosight.com//8921
Kingston DataTraveler G4 USB 3.0 (64GB) Speicherstick violett,29.99,Kingston,64 GB,altosight.com//8960
Intenso Premium Line USB Stick (8GB),9.99,Intenso,8 GB,altosight.com//8982
Sandisk Cruzer Extreme USB 3.0 (16GB) USB-Speicherstick,22.99,SANDISK,16 GB,altosight.com//8993
Intenso Premium Line USB Stick (64GB),32.99,Intenso,64 GB,altosight.com//9027
Intenso Rainbow Line USB 2.0 (4GB) USB-Speicherstick blau,5.0,Intenso,4 GB,altosight.com//9050
Intenso Basic Line USB 2.0 (16GB) USB-Speicherstick silber/schwarz,7.0,Intenso,16 GB,altosight.com//9053
Toshiba Hayabusa USB 2.0 (8GB) weiß,12.95,TOSHIBA,8 GB,altosight.com//9054
Sandisk Cruzer Edge (4GB) Speicherstick schwarz/rot,7.9,SANDISK,4 GB,altosight.com//9058
Sandisk microSDHC (4GB),5.99,SANDISK,4 GB,altosight.com//9068
Sandisk SDHC 8GB SDHC-Speicherkarte,7.99,SANDISK,8 GB,altosight.com//9071
Sandisk microSDHC (4GB) + Adapter Photo microSDHC,7.99,SANDISK,4 GB,altosight.com//9108
Kingston SDHC Class 4 (4GB) Speicherkarte,9.99,Kingston,4 GB,altosight.com//9189
TOSHIBA - SD EXCERIA 90MB/S 128GB&nbsp;Rosso/Nero,57.99,TOSHIBA,128 GB,altosight.com//9219
SANDISK - USB DUAL DRIVE ULTRA TYPE C 16GB&nbsp;,19.99,SANDISK,16 GB,altosight.com//9236
SANDISK - Cruzer Fit 128GB -,129.0,SANDISK,128 GB,altosight.com//9307
Sony microSDXC 128 GB UHS-I U3 Class 10 + SD Adapter,164.5,SONY,128 GB,altosight.com//9410
Sony USM-CA MicroVault USB 3.1 16 GB – silber,23.5,SONY,16 GB,altosight.com//9435
Sony USM-M MicroVault USB 2.0 64 GB – weiß,46.9,SONY,64 GB,altosight.com//9440
Toshiba Exceria Pro N401 SDHC 32 GB UHS-I U3 Class 10,24.9,TOSHIBA,32 GB,altosight.com//9458
Toshiba Exceria Pro N401 SDXC 64 GB UHS-I U3 Class 10,39.0,TOSHIBA,64 GB,altosight.com//9459
Clé micro-USB Lexar JumpDrive C20m 128 Go,,LEXAR,128 GB,altosight.com//9482
Clé USB 3.1 Sony Type C 16 Go + Etui en Métal Argent,29.99,SONY,16 GB,altosight.com//9506
Clé USB3.0 Lexar JumpDrive P20 128 Go Noir,,LEXAR,128 GB,altosight.com//9511
Clé USB3.0 Lexar JumpDrive S25 32 Go Vert et blanc,,LEXAR,32 GB,altosight.com//9513
Kingston - carte mémoire flash - 4 Go - SDHC,,Kingston,4 GB,altosight.com//9517
Sony - carte mémoire flash - 16 Go - SDHC,,SONY,16 GB,altosight.com//9520
Kingston - carte mémoire flash - 256 Go - SDXC,,Kingston,256 GB,altosight.com//9529
Toshiba EXCERIA PRO - carte mémoire flash - 32 Go - SDHC UHS-II,,TOSHIBA,32 GB,altosight.com//9531
Toshiba EXCERIA - carte mémoire flash - 32 Go - microSDHC UHS-I,,TOSHIBA,32 GB,altosight.com//9537
Toshiba EXCERIA - carte mémoire flash - 64 Go - microSDXC UHS-I,,TOSHIBA,64 GB,altosight.com//9539
Toshiba EXCERIA PRO - carte mémoire flash - 32 Go - SDHC UHS-II,,TOSHIBA,32 GB,altosight.com//9544
Toshiba EXCERIA PRO - carte mémoire flash - 128 Go - SDXC UHS-II,,TOSHIBA,128 GB,altosight.com//9545
Lexar JumpDrive S70 Clé USB 2.0 16 Go Gris LJDS70-16GABEU,,LEXAR,16 GB,altosight.com//9563
Kingston - carte mémoire flash - 16 Go - microSDHC UHS-I,,Kingston,16 GB,altosight.com//9590
Toshiba EXCERIA N302 - carte mémoire flash - 128 Go - SDXC UHS-I,,TOSHIBA,128 GB,altosight.com//9596
Clé USB Sandisk GLIDE 128 GB 3.0,,SANDISK,128 GB,altosight.com//9598
Sandisk Carte mémoire microSDHC - 4 Go,,SANDISK,4 GB,altosight.com//9619
Sony Carte mémoire SDHC 16 Go Class4,,SONY,16 GB,altosight.com//9628
Lexar JumpDrive S25 Memoria USB 3.0 64 GB violeta Fnac.es Lexar,29.95,LEXAR,64 GB,altosight.com//9632
Memoria USB Lexar Jumpdrive C20c 128 GB ipec discount Lexar,88.14,LEXAR,128 GB,altosight.com//9636
Memoria USB Lexar Jumpdrive C20m USB3.0 - MicroUSB 128GB Pendrive ipec discount Lexar,56.12,LEXAR,128 GB,altosight.com//9639
Memoria USB Lexar Jumpdrive C20m USB3.0 - MicroUSB 32GB Pendrive ipec discount Lexar,29.24,LEXAR,32 GB,altosight.com//9640
Intenso Rainbow Line 4GB USB Stick 2.0 Es Media Intenso,9.18,Intenso,4 GB,altosight.com//9668
Intenso 16GB Basic USB2.0 - Pendrive / Memoria USB Mercado Actual Intenso,8.99,Intenso,16 GB,altosight.com//9699
Intenso Premium Line 8GB USB 3.0 - Pendrive / Memoria USB DOODIGITAL Intenso,11.64,Intenso,8 GB,altosight.com//9724
PNY Attaché 4 8GB USB 2.0 Negro unidad flash USB - Pendrive / Memoria USB Infopavon PNY,9.99,PNY,8 GB,altosight.com//9729
Lexar JumpDrive P20 32GB - Pendrive / Memoria USB ASdiscount Lexar,75.61,LEXAR,32 GB,altosight.com//9730
"Hyperx - 512gb 512gb USB 3.1/Usb 3.0 Negro, Rojo Unidad Flash USB Mercado Actual Kingston Technology",255.99,Kingston,512 GB,altosight.com//9768
"Sandisk Cruzer Glide 256 GB 256GB USB 2.0 Negro, Rojo unidad flash USB VIPDOMO Sandisk",74.87,SANDISK,256 GB,altosight.com//9776
Intenso 3534490 - Memoria USB Llave USB DOODIGITAL Intenso,24.42,Intenso,64 GB,altosight.com//9788
Pny Attache 4 128 GB USB 2.0 ASdiscount PNY,45.0,PNY,128 GB,altosight.com//9805
Lexar SDHC 8GB Premium UHS-I 300x,13.99,LEXAR,8 GB,altosight.com//9922
Memoria Samsung microSDXC PRO Clase 10 128GB + Adaptador,112.99,Samsung,128 GB,altosight.com//10033
Memoria Sandisk MicroSDHC 16GB Extreme Pro,24.99,SANDISK,16 GB,altosight.com//10040
Memoria SDHC Sony 16GB Class 4,15.99,SONY,16 GB,altosight.com//10079
Memoria microSD Sony 8GB + Adaptador,10.99,SONY,8 GB,altosight.com//10085
Memoria Toshiba Exceria microSDXC Clase 10 UHS-I Class 3 16GB,6.99,TOSHIBA,64 GB,altosight.com//10102
Memoria Toshiba Exceria microSDXC Class 10 UHS-I Class 3 64GB,53.99,TOSHIBA,64 GB,altosight.com//10103
Memoria Toshiba Exceria SDHC Clase 10 UHS-I Clase 3 16GB,18.99,TOSHIBA,16 GB,altosight.com//10106
Memoria Toshiba Exceria SDXC Class 10 UHS-I Class 3 64GB,33.99,TOSHIBA,64 GB,altosight.com//10107
Memoria Toshiba microSDHC 32GB Class 10 Exceria Ultra High Speed UHS-I,20.99,TOSHIBA,32 GB,altosight.com//10110
Memoria Toshiba SDHC 32GB Exceria PRO UHS Clase 10,91.99,TOSHIBA,32 GB,altosight.com//10113
Memoria SDXC Transcend 64GB Ultimate UHS-II U3,118.99,Transcend,64 GB,altosight.com//10115
Memoria microSDHC Sony 32GB + Adaptador,20.99,SONY,32 GB,altosight.com//10138
TARJETA SD 8 GB LEXAR (45 MB/SG  300X) PREMIUM II,8.0,LEXAR,8 GB,altosight.com//10247
Carte Mémoire Sandisk ultra PLUS MicroSDHC 32Go 80Mo/seconde UHS-I avec adaptateur SD\n,27.04,SANDISK,32 GB,altosight.com//10447
Carte Mémoire Sandisk ultra PLUS MicroSDXC 128Go 80Mo/seconde UHS-I avec adaptateur SD\n,80.04,SANDISK,128 GB,altosight.com//10448
Carte Mémoire Sandisk ultra PLUS MicroSDXC 64Go 80Mo/seconde UHS-I avec adaptateur SD\n,50.04,SANDISK,64 GB,altosight.com//10449
Carte Mémoire Sandisk ultra PLUS SDHC 16Go 80Mo/seconde UHS-I\n,19.99,SANDISK,16 GB,altosight.com//10450
Carte Mémoire Sandisk ultra PLUS SDHC 32Go 80Mo/seconde UHS-I\n,27.04,SANDISK,32 GB,altosight.com//10451
Carte Mémoire Sandisk ultra PLUS SDXC 64Go 80Mo/seconde UHS-I\n,45.04,SANDISK,64 GB,altosight.com//10453
Clé USB Sandisk Cruzer Glide 3.0 32 Go\n,22.02,SANDISK,32 GB,altosight.com//10478
Clé USB Sandisk GLIDE 128 GB 3.0\n,64.91,SANDISK,128 GB,altosight.com//10480
Intenso Basic Line - clé USB - 16 Go\n,17.71,Intenso,16 GB,altosight.com//10500
Intenso Speed Line - clé USB - 8 Go\n,17.55,Intenso,8 GB,altosight.com//10501
Kingston Ultimate - carte mémoire flash - 16 Go - SDHC\n,20.02,Kingston,16 GB,altosight.com//10508
Intenso Premium Line - clé USB - 64 Go\n,19.39,Intenso,64 GB,altosight.com//10530
Intenso Premium Line - clé USB - 8 Go\n,10.16,Intenso,8 GB,altosight.com//10532
Intenso premium line 64gb usb 3.0 (3534490)\n,41.15,Intenso,64 GB,altosight.com//10604
Intenso premium line 64gb usb 3.0 (3534490)\n,41.15,Intenso,64 GB,altosight.com//10605
Sony Compact Slim HD-SL1 - disque dur - 1 To - USB 3.0\n,109.0,SONY,1 TB,altosight.com//10645
Sony Compact Slim HD-SL1 - disque dur - 1 To - USB 3.0\n,109.0,SONY,1 TB,altosight.com//10646
SANDISK SDXC 128 GB EXTREME PLUS UHS-I 80MB/SEC,89.8,SANDISK,128 GB,altosight.com//10677
KINGSTON HyperX Savage 512 GB,364.7,Kingston,512 GB,altosight.com//10742
PNY Attaché 4,17.35,PNY,8 GB,altosight.com//10745
Kingston Ultimate - Flash-Speicherkarte - 16 GB - UHS Class 1 /,17.95,Kingston,16 GB,altosight.com//10864
Kingston - Flash-Speicherkarte - 128 GB - UHS Class 3 / Class10 -,79.95,Kingston,128 GB,altosight.com//10868
Sony USM16CA1 - USB-Flash-Laufwerk - 16 GB - USB 3.1 / USB Type-C,39.95,SONY,16 GB,altosight.com//10888
USB STICK CRUIZER GLIDE 256GB,149.9,SANDISK,256 GB,altosight.com//10922
Kingston HyperX Savage - USB-Flash-Laufwerk - 512 GB - USB 3.1 -,309.0,Kingston,512 GB,altosight.com//10952
PNY Attaché 4 - USB-Flash-Laufwerk - 8 GB - USB 2.0,9.95,PNY,8 GB,altosight.com//10968
Lexar XQD 32GB 210MB/s 1400x,989.0,LEXAR,32 GB,altosight.com//11024
Lexar XQD 32GB 210MB/s 1400x,898.0,LEXAR,32 GB,altosight.com//11026
SanDisk SDHC Extreme PRO 16GB 280MB/s,548.0,SANDISK,16 GB,altosight.com//11040
Sandisk Extreme Pro Micro SDHC 16GB Memory Card,19.97,SANDISK,16 GB,altosight.com//11107
"Sony Expert UHS-I Class 10 U3 MicroSD Memory Card, 128GB, 95MB/s, with SD Adapter",1549.0,SONY,128 GB,altosight.com//11130
"Sony Portable USB Flash Storage Drive, White, 16GB",29.95,SONY,16 GB,altosight.com//11151
Lexar Jumpdrive P20 128GB USB 3.0,88.95,LEXAR,128 GB,altosight.com//11165
Lexar JumpDrive S25 USB 3.0 64GB,34.0,LEXAR,64 GB,altosight.com//11172
Karta pami?ci TOSHIBA N302 SDHC 128GB THN,279.0,TOSHIBA,128 GB,altosight.com//11277
Pami?? LEXAR JumpDrive C20c (LJDC20C Pami?? LEXAR JumpDrive C20c (LJDC20C,339.99,LEXAR,128 GB,altosight.com//11316
Pami?? LEXAR JumpDrive C20m 32 GB,87.9,LEXAR,32 GB,altosight.com//11319
Pami?? LEXAR JumpDrive C20m (LJDC20M Pami?? LEXAR JumpDrive C20m (LJDC20M,274.99,LEXAR,128 GB,altosight.com//11320
LEXAR USB-stick 128 GB (LJDC20M-128BBEU),74.99,LEXAR,128 GB,altosight.com//11419
LEXAR USB-stick 32 GB (LJDC20M-32GBBEU),34.99,LEXAR,32 GB,altosight.com//11422
SONY MPE Dual Connection USB 3.1 Type-C &amp; A 16 GB (USM-16CA1),20.99,SONY,16 GB,altosight.com//11512
SONY MPE USB-stick 32 GB Zwart (USM32GR),19.99,SONY,32 GB,altosight.com//11558
"TOSHIBA TransMemory U202, 128 GB, weiss",41.95,TOSHIBA,128 GB,altosight.com//11568
Intenso Rainbow Line - USB-Stick - 4 GB - Blau,7.95,Intenso,4 GB,altosight.com//11580
"TOSHIBA EXCERIA PRO M401, 16 GB",24.95,TOSHIBA,16 GB,altosight.com//11617
"TOSHIBA EXCERIA PRO N101, 128 GB",289.95,TOSHIBA,128 GB,altosight.com//11645
"TOSHIBA EXCERIA PRO N401, 128 GB",89.95,TOSHIBA,128 GB,altosight.com//11646
"TOSHIBA EXCERIA PRO N101, 32 GB",94.95,TOSHIBA,32 GB,altosight.com//11660
"TOSHIBA EXCERIA PRO N101, 64 GB",184.95,TOSHIBA,64 GB,altosight.com//11665
"Toshiba SDHC EXCERIA PRO 64GB, silber",59.95,TOSHIBA,64 GB,altosight.com//11666
SANDISK Ultra Plus SDHC / SDXC Geheugenkaart 32 GB 80 MB/s,19.99,SANDISK,32 GB,altosight.com//11730
SANDISK Ultra Plus SDHC / SDXC Geheugenkaart 64 GB 80 MB/s,29.99,SANDISK,64 GB,altosight.com//11731
Kingston SDHC 16GB Ultimate Memory Class 10 UHS-I,450.0,Kingston,16 GB,altosight.com//11962
Sony Micro SDXC 128GB SDHC UHS-I U3+ Adaptér,,SONY,128 GB,altosight.com//12085
Sony SDHC 16GB Class 4,590.0,SONY,16 GB,altosight.com//12099
Sony SDHC 16GB Class 4,590.0,SONY,16 GB,altosight.com//12100
Sony SDHC 8GB Class 10 UHS-I,350.0,SONY,8 GB,altosight.com//12123
Sony SDHC 8GB Class 10 UHS-I,350.0,SONY,8 GB,altosight.com//12124
KINGSTON HX SAVAGE USB 3.1/3.0 512GB\n,268.72,Kingston,512 GB,altosight.com//12159
LEXAR JUMPDRIVE V10 8GB (FP)-\n,9.04,LEXAR,8 GB,altosight.com//12167
SanDisk - flashgeheugenkaart - 4 GB - microSDHC\n,15.99,SANDISK,4 GB,altosight.com//12173
Kingston Ultimate - flashgeheugenkaart - 16 GB - SDHC\n,20.02,Kingston,16 GB,altosight.com//12194
SanDisk Extreme - USB-flashstation - 16 GB\n,,SANDISK,16 GB,altosight.com//12198
PNY Attaché 4 - USB-flashstation - 8 GB\n,8.02,PNY,8 GB,altosight.com//12214
Toshiba TransMemory U202 - USB-flashstation - 128 GB\n,34.54,TOSHIBA,128 GB,altosight.com//12243
PNY Attaché 4 - USB-flashstation - 128 GB\n,36.51,PNY,128 GB,altosight.com//12259
SanDisk Extreme Pro - flashgeheugenkaart - 16 GB - microSDHC UHS-I\n,150.0,SANDISK,16 GB,altosight.com//12300
SanDisk Extreme Pro - flashgeheugenkaart - 8 GB - SDHC UHS-I\n,66.18,SANDISK,8 GB,altosight.com//12304
SanDisk Extreme Pro - USB-flashstation - 16 GB\n,31.9,SANDISK,16 GB,altosight.com//12307
SANDISK SDHC 16GB 80MB/S CL10\n,19.99,SANDISK,16 GB,altosight.com//12341
SANDISK SDHC 32GB 80MB/S CL10\n,27.04,SANDISK,32 GB,altosight.com//12344
Sandisk Ultra PLUS MicroSDHC 32 GB 80 MB / seconde UHS-I geheugenkaart met SD-adapter\n,27.04,SANDISK,32 GB,altosight.com//12367
Sandisk Ultra PLUS MicroSDXC 128 GB 80 MB / seconde UHS-I geheugenkaart met SD-adapter\n,80.04,SANDISK,128 GB,altosight.com//12368
Sandisk Ultra PLUS MicroSDXC 64 GB 80 MB / seconde UHS-I geheugenkaart met SD-adapter\n,50.04,SANDISK,64 GB,altosight.com//12369
Shop Samsung 32-Inch Flat HD LED TV Series 5 UA32N5000 Black online in Egypt,3199.0,Samsung,,altosight.com//12390
Shop Samsung 43-Inch Smart UHD TV UA43NU7100 Black online in Egypt,6550.0,Samsung,,altosight.com//12391
Shop Samsung Galaxy A10 Dual SIM Black 32GB 4G LTE online in Egypt,2040.0,Samsung,,altosight.com//12392
Shop Samsung Galaxy A10 Dual SIM Black 32GB 4G LTE online in Egypt,2039.0,Samsung,,altosight.com//12393
Shop Samsung Galaxy A10 Dual SIM Blue 32GB 4G LTE online in Egypt,2039.0,Samsung,,altosight.com//12394
Shop Samsung Galaxy A10 Dual SIM Blue 32GB 4G LTE online in Egypt,2040.0,Samsung,,altosight.com//12395
Shop Samsung Galaxy A10 Dual SIM Blue 32GB 4G LTE online in Egypt,1999.0,Samsung,,altosight.com//12396
Shop Samsung Galaxy A10 Dual SIM Red 32GB 4G LTE online in Egypt,2040.0,Samsung,,altosight.com//12397
Shop Samsung Galaxy A10 Dual SIM Red 32GB 4G LTE online in Egypt,2039.0,Samsung,,altosight.com//12398
Shop Samsung Galaxy A20 Dual SIM Black 32GB 4G LTE online in Egypt,2594.0,Samsung,,altosight.com//12399
Shop Samsung Galaxy A30 Black 64GB 4G LTE online in Egypt,3480.0,Samsung,,altosight.com//12401
Shop Samsung Galaxy A30 Dual SIM Black 64GB 4G LTE online in Egypt,3700.0,Samsung,,altosight.com//12403
Shop Samsung Galaxy A50 Dual SIM White 128GB 4G LTE online in Egypt,4575.0,Samsung,,altosight.com//12409
Shop Samsung Galaxy A50 Dual SIM White 128GB 4G LTE online in Egypt,4599.0,Samsung,,altosight.com//12410
Shop Samsung Galaxy A50 White 128GB 4G LTE online in Egypt,4784.0,Samsung,,altosight.com//12411
Shop Samsung Galaxy S10 Plus Dual SIM Prism White 128GB 4G LTE online in Egypt,15899.0,Samsung,,altosight.com//12421
Shop Samsung Samsung Galaxy Note9 Dual SIM Midnight Black 512GB 4G LTE online in Egypt,13999.0,Samsung,,altosight.com//12422
Lexar JumpDrive S25 - USB-Flash-Laufwerk - 64 GB - USB 3.0 - Violett,47.22,LEXAR,64 GB,altosight.com//12450
Toshiba EXCERIA PRO - Flash-Speicherkarte - 32 GB - UHS Class 3 - SDHC UHS-II,79.47,TOSHIBA,32 GB,altosight.com//12461
"Toshiba THN-U202W1280E4, 128 GB, 2.0, USB-Anschluss Typ A, Kappe, 8 g, Weiß",37.71,TOSHIBA,128 GB,altosight.com//12473
SanDisk USB-Stick Ultra Dual USB Type-C 64 GB,29.87,SANDISK,64 GB,altosight.com//12488
Toshiba EXCERIA N302 - Flash-Speicherkarte - 128 GB - UHS-I U3 / Class10 - SDXC UHS-I,47.25,TOSHIBA,128 GB,altosight.com//12499
Achat Carte Micro SDXC 128Go - avec adaptateur SD KINGSTON dans le rayon Carte Micro SD,29.61,Kingston,16 GB,altosight.com//12565
JumpDrive P20 - USB 3.0 - 32 Go LEXAR Achat dans le rayon Clés USB USB 3.0,71.78,LEXAR,32 GB,altosight.com//12629
Mémoire 32GB JumpDrive C20m LEXAR Achat dans le rayon Clés USB USB 3.1,21.05,LEXAR,32 GB,altosight.com//12634
Mémoire 32GB JumpDrive C20m LEXAR Achat dans le rayon Clés USB USB 3.1,22.58,LEXAR,32 GB,altosight.com//12635
Attache 4 - Black Pny Achat dans le rayon Clés USB Usb 2.0,7.71,PNY,8 GB,altosight.com//12652
Clé Usb Attaché 4 2.0 128 Gb - Fd128ATT4-EF - Noir Pny Achat dans le rayon Clés USB Usb 2.0,35.45,PNY,128 GB,altosight.com//12653
Achat MICRO SD EVO PLUS Classe 10 - 16 Go Samsung dans le rayon Carte Micro SD,19.99,Samsung,16 GB,altosight.com//12663
Achat Mémoire Ultra Plus 32 Go 80Mo/s Sandisk dans le rayon Carte SD,34.99,SANDISK,32 GB,altosight.com//12761
Usb Key 32 Gb 2 Yr Wrnty Sony Achat dans le rayon Clés USB Usb 2.0,19.04,SONY,32 GB,altosight.com//12799
Usb Key 32 Gb 2 Yr Wrnty Sony Achat dans le rayon Clés USB Usb 2.0,19.22,SONY,32 GB,altosight.com//12800
Usb3.0 Key Machqx 32GB 5YWARR Sony Achat dans le rayon Clés USB Usb 3.0,54.59,SONY,32 GB,altosight.com//12813
Clé USB 128 Go - THN-U202W1280E4 - Blanc TOSHIBA Achat dans le rayon Clés USB USB 2.0,30.05,TOSHIBA,128 GB,altosight.com//12826
"KINGSTON Ultimate SDHC 16GB, UHS-I/Class 10 (SDA10/16GB)",14.99,Kingston,16 GB,altosight.com//12858
"INTENSO 3503470 Basic Line 16 GB, USB-Stick, USB 2.0, 16 GB",7.99,Intenso,16 GB,altosight.com//12937
"INTENSO Premium Line, USB-Stick, USB 3.0, 64 GB",29.99,Intenso,64 GB,altosight.com//12954
"INTENSO Premium Line, USB-Stick, USB 3.0, 8 GB",8.99,Intenso,8 GB,altosight.com//12955
"INTENSO Rainbow Line, USB-Stick, USB 2.0, 4 GB",6.49,Intenso,4 GB,altosight.com//12958
"PNY Attache 4 2.0, USB-Stick, USB 2.0, 128 GB",27.99,PNY,128 GB,altosight.com//12967
USB-minne 16GB Cruzer Extreme USB 3.0 New,229.0,SANDISK,16 GB,altosight.com//13037
USB-minne 3.1 64GB Ultra Dual Typ C Scandinavian Photo,490.0,SANDISK,64 GB,altosight.com//13061
Tesco direct: Intenso 16GB Basic USB2.0 USB 2.0 Type-A Black Silver flash drive,7.68,Intenso,16 GB,altosight.com//13151
Tesco direct: Intenso Premium Line 64GB USB 3.0 (3.1 Gen 1) Type-A Silver,51.27,Intenso,64 GB,altosight.com//13164
Tesco direct: Intenso Rainbow 3502450 4 GB USB 2.0 Flash Drive,6.4,Intenso,4 GB,altosight.com//13165
Tesco direct: Kingston 16 GB microSDHC,13.11,Kingston,16 GB,altosight.com//13177
Tesco direct: Kingston 16 GB SDHC Class 10 Ultimate High Speed Memory Card SDA10/16GB,12.15,Kingston,16 GB,altosight.com//13178
Tesco direct: Kingston 16GB Data Traveler USB Card,17.0,Kingston,16 GB,altosight.com//13179
Tesco direct: Kingston 256 GB SDXC,98.6,Kingston,256 GB,altosight.com//13186
Tesco direct: Kingston 8GB DataTraveler SE9 G2 USB 3.0 Flash Drive,7.89,Kingston,8 GB,altosight.com//13207
Tesco direct: Kingston DataTraveler 101 64GB G2 USB 20 Flash Drive Green,21.0,Kingston,64 GB,altosight.com//13208
Tesco direct: Kingston Technology SDXC UHS-I U3 (SDA3) 128GB UHS Class 3 memory,,Kingston,128 GB,altosight.com//13236
Tesco direct: Lexar JumpDrive C20c 128GB USB 3.0 (3.1 Gen 1) Type-A/Type-C Black Silver,,LEXAR,128 GB,altosight.com//13244
Tesco direct: Lexar JumpDrive C20m 128GB USB 3.0 (3.1 Gen 1) Type-A Black Silver,,LEXAR,128 GB,altosight.com//13247
Tesco direct: Lexar JumpDrive C20m 32GB USB 3.0 (3.1 Gen 1) Type-A/Type-C Black Silver,,LEXAR,32 GB,altosight.com//13248
Tesco direct: Lexar JumpDrive P20 32GB USB 3.0 (3.1 Gen 1) Type-A Black flash drive,43.91,LEXAR,32 GB,altosight.com//13250
"Tesco direct: Lexar JumpDrive S25 16 GB USB 3.0 Flash Drive - Teal, White",11.36,LEXAR,16 GB,altosight.com//13252
"Tesco direct: Lexar JumpDrive S25 64 GB USB 3.0 Flash Drive - Purple, White",27.27,LEXAR,64 GB,altosight.com//13253
Tesco direct: Lexar JumpDrive S70 16GB USB Memory Flash Drive - (Burgundy) Small Blister,21.41,LEXAR,16 GB,altosight.com//13254
Tesco direct: Lexar JumpDrive V30 16 GB USB 2.0 Flash Drive - Teal,10.13,LEXAR,16 GB,altosight.com//13258
Tesco direct: Lexar JumpDrive V30 32 GB USB 2.0 Flash Drive - Green,16.33,LEXAR,32 GB,altosight.com//13259
Tesco direct: PNY Attach 4 8GB USB 2.0 Type-A Black flash drive,,PNY,8 GB,altosight.com//13275
Tesco direct: SanDisk Cruzer U USB 2.0 Flash Drive 8GB - Pink,2.5,SANDISK,8 GB,altosight.com//13306
Tesco direct: SanDisk Extreme Pro SDHC 95MB/sec UHS-I Card,32.02,SANDISK,16 GB,altosight.com//13327
Tesco direct: SanDisk Ultra USB Flash Drive,12.0,SANDISK,8 GB,altosight.com//13369
Tesco direct: Sony 16GB SDHC Memory Card,22.65,SONY,16 GB,altosight.com//13370
Tesco direct: Sony 32GB SDHC Memory Card Black,27.0,SONY,32 GB,altosight.com//13375
Tesco direct: Sony MicroVault R-Series USM-R (32GB) USB Storage Device,15.0,SONY,32 GB,altosight.com//13389
Tesco direct: Sony MicroVault Style USM4GMP (4GB) USB Flash Drive (Pink),8.78,SONY,4 GB,altosight.com//13390
Tesco direct: Sony SF16N4 16 GB SDHC,15.46,SONY,16 GB,altosight.com//13399
Tesco direct: Sony USM16CA1 USB flash drive,31.2,SONY,16 GB,altosight.com//13421
Tesco direct: TOS-N302-128GB-SD 128GB Exceria SD Flash Card Speed Class 3,39.99,TOSHIBA,128 GB,altosight.com//13430
Tesco direct: TOS-U202-128GB-WHI 128GB TransMemory USB 2.0 Flash Drive,34.99,TOSHIBA,128 GB,altosight.com//13433
Tesco direct: Toshiba 32 GB Exceria PRO 32GB SDHC UHS Class 3 memory card,84.54,TOSHIBA,32 GB,altosight.com//13435
Tesco direct: Toshiba 64GB Exceria PRO SDHC UHS Class 3 memory card,114.98,TOSHIBA,64 GB,altosight.com//13436
Tesco direct: Toshiba EXCERIA PRO - N401 128GB SDXC UHS-I Class 3 memory card,90.51,TOSHIBA,128 GB,altosight.com//13438
Tesco direct: Toshiba EXCERIA PRO - N401 32GB SDHC UHS-I Class 3 memory card,36.65,TOSHIBA,32 GB,altosight.com//13439
Tesco direct: Toshiba THN-M401S0160E2 16GB MicroSD NAND Class 10 memory card,16.15,TOSHIBA,16 GB,altosight.com//13441
Lexar 8GB JumpDrive V10 8GB USB 2.0 Tipo-A Blu unità flash USB,8.99,LEXAR,128 GB,altosight.com//13459
"Lexar JumpDrive S70 16GB USB 2.0 Tipo-A Grigio, Arancione unità flash USB",19.9,LEXAR,16 GB,altosight.com//13476
Sony USM32GR,20.99,SONY,32 GB,altosight.com//13519
Sony HDSL1 1000GB Nero disco rigido esterno,129.0,SONY,1 TB,altosight.com//13530
Transcend 64GB SDXC UHS-II U3 64GB SDXC UHS-II Classe 10 memoria flash,113.68,Transcend,64 GB,altosight.com//13551
Sony SR-8A4,12.5,SONY,8 GB,altosight.com//13611
Sony SD Card 16GB SD HC Class 4 bei,14.99,SONY,16 GB,altosight.com//13626
Sony USB-Stick 4GB 2.0 USM Midi Model (USM4GR) bei,8.99,SONY,4 GB,altosight.com//13628
Sony USB-Stick 32GB 2.0 USM (USM32GR) bei,22.9,SONY,32 GB,altosight.com//13631
"Kingston DataTraveler Generation 4 (G4) USB- Stick, 128GB, USB 3.0 (DTIG4/128GB) bei",49.99,Kingston,128 GB,altosight.com//13640
Pen Drive TOSHIBA 128GB U202W Blanco,44.99,TOSHIBA,128 GB,altosight.com//13779
Pendrive 128 GB  PNY Attache 4 2.0,29.99,PNY,128 GB,altosight.com//13780
Pendrive 8GB PNY Attaché4 2.0 Negro,8.99,PNY,8 GB,altosight.com//13796
Pendrive KINGSTON 512GB HXSAV USB 3.1,269.0,Kingston,512 GB,altosight.com//13801
Pendrive LEXAR Jumpdrive S25 32 GB,13.99,LEXAR,32 GB,altosight.com//13814
Pendrive LEXAR Jumpdrive S25 64 GB,24.99,LEXAR,64 GB,altosight.com//13815
Pendrive SANDISK Extreme GO 3.1 256GB,195.99,SANDISK,256 GB,altosight.com//13832
Tarjeta de Memoria SD  SONY 16GB EXPERIENCE,15.99,SONY,16 GB,altosight.com//13932
Tarjeta de Memoria SANDISK Extreme Pro SDHC 8GB,22.97,SANDISK,8 GB,altosight.com//13944
Tarjeta de Memoria SANDISK SDHC 8GB,4.99,SANDISK,8 GB,altosight.com//13950
